Fecha y hora,Departamento,Jurisdiccion,Tipo de siniestro,Vehiculo,Rol,Edad,Sexo,Dias Fallecidos,Otro vehiculo,Lugar del Siniestro,Latitud,Longitud
1/1/2013 23:15:00,CANELONES,NACIONAL,COLISION CON OBSTACULO,MOTO,CONDUCTOR,34,F,0,,RUTA 101 km 24,-34.789378,-56.0013672
1/1/2013 23:35:00,SALTO,DEPARTAMENTAL,ATROPELLO DE PEATON,PEATON,PEATON,52,F,0,MOTO,MAGALLANES pr«x. Barrio Chinchurreta,-31.3905792,-57.9357185
1/3/2013 23:35:00,PAYSANDU,NACIONAL,COLISION ENTRE VEHICULOS,AUTO,CONDUCTOR,34,M,8,CAMION,RUTA 3 km. 358,-32.4795046,-57.9288169
1/4/2013 7:10:00,COLONIA,NACIONAL,DESPISTE,AUTO,CONDUCTOR,49,F,1,,RUTA 21 esq. Dr Irastorza,-33.9805412,-58.2907486
1/4/2013 11:00:00,CANELONES,DEPARTAMENTAL,DESPISTE,AUTO,CONDUCTOR,91,M,0,,CESAR MAYO GUTIERREZ senda CAMINO PELUFFO,-34.516667,-56.283333
1/5/2013 0:20:00,RIVERA,DEPARTAMENTAL,DESPISTE,CAMIONETA,CONDUCTOR,56,M,0,,CAMINO VECINAL PASO DEL CERRO,-31.4747791,-55.1549606
1/6/2013 14:10:00,MONTEVIDEO,DEPARTAMENTAL,COLISION ENTRE VEHICULOS,MOTO,CONDUCTOR,63,M,1,MOTO,AVENIDA LEZICA esq. GUANAHANY,-34.796354,-56.2480662
1/6/2013 15:30:00,RIVERA,NACIONAL,COLISION ENTRE VEHICULOS,MOTO,CONDUCTOR,45,M,0,MOTO,RUTA 27 km 113,-30.9510806,-55.5393908
1/6/2013 18:21:00,FLORIDA,NACIONAL,DESPISTE,AUTO,PASAJERO,34,F,1,,RUTA 7 km. 145,-33.7705423,-55.965288
1/6/2013 20:50:00,MALDONADO,DEPARTAMENTAL,COLISION CON OBSTACULO,MOTO,CONDUCTOR,20,M,1,,CONT. AGUSTONI ROSSI,-34.6277617,-54.9611836
1/8/2013 19:26:00,MONTEVIDEO,DEPARTAMENTAL,ATROPELLO DE PEATON,PEATON,PEATON,25,M,0,AUTO,AVENIDA JOSE BELLONI esq. MONTE CARLO,-34.84263,-56.1329433
1/8/2013 20:10:00,MALDONADO,DEPARTAMENTAL,COLISION CON OBSTACULO,MOTO,CONDUCTOR,19,M,0,,CERRO EGUZQUIZA. LA BARRA,-34.9111083,-54.8652533
1/9/2013 5:45:00,ROCHA,NACIONAL,DESPISTE,CAMIONETA,CONDUCTOR,50,M,0,,RUTA 14 km. 490,-34.4878288,-54.319523
1/9/2013 15:05:00,MONTEVIDEO,DEPARTAMENTAL,COLISION ENTRE VEHICULOS,MOTO,CONDUCTOR,44,M,0,AUTO,CAMINO ARIEL esq. BELL,-34.8358002,-56.2128711
1/9/2013 22:30:00,CERRO LARGO,DEPARTAMENTAL,COLISION ENTRE VEHICULOS,MOTO,CONDUCTOR,20,M,1,CAMIONETA,JOSE ENRIQUE RODO esq. TREINTA Y TRES,-32.3669701,-54.1660881
1/9/2013 22:55:00,MONTEVIDEO,DEPARTAMENTAL,ATROPELLO DE PEATON,PEATON,PEATON,40,M,0,AUTO,AVENIDA DON PEDRO DE MENDOZA esq. CAMINO CARLOS LINNEO,-34.7855539,-56.1530082
1/10/2013 2:10:00,CANELONES,NACIONAL,DESPISTE,AUTO,CONDUCTOR,54,M,4,,RUTA 5 km 52,-34.4626926,-56.2733674
1/10/2013 21:10:00,PAYSANDU,DEPARTAMENTAL,COLISION ENTRE VEHICULOS,MOTO,CONDUCTOR,18,M,1,MOTO,DOCTOR FLORENTINO FELIPPONE esq. ANDRESITO,-32.3025109,-58.0753747
1/11/2013 14:00:00,MALDONADO,NACIONAL,DESPISTE,CAMIONETA,PASAJERO,22,M,1,,RUTA 9 km. 157.5,-34.7336343,-54.9965384
1/13/2013 22:30:00,ROCHA,NACIONAL,COLISION ENTRE VEHICULOS,MOTO,CONDUCTOR,58,M,0,AUTO,RUTA 9 km. 263.800,-34.4878288,-54.319523
1/14/2013 1:10:00,SALTO,DEPARTAMENTAL,COLISION ENTRE VEHICULOS,MOTO,CONDUCTOR,29,F,0,CAMION,CAMINO DEPARTAMENTAL a RIVERA Y RUTA 31 KM 13,-31.3049793,-57.7194214
1/14/2013 2:50:00,CANELONES,NACIONAL,DESPISTE,AUTO,CONDUCTOR,28,M,0,,RUTA 11 km. 165,-34.5214738,-56.2999351
1/15/2013 16:40:00,MALDONADO,NACIONAL,ATROPELLO DE PEATON,PEATON,PEATON,19,F,0,CAMIONETA,RUTA 93 km. 110,-34.9119265,-54.9900793
1/16/2013 14:30:00,MONTEVIDEO,DEPARTAMENTAL,COLISION ENTRE VEHICULOS,MOTO,CONDUCTOR,20,M,1,AUTO,COLORADO esq. QUIJOTE,-34.8762561,-56.1655969
1/17/2013 8:00:00,CERRO LARGO,DEPARTAMENTAL,COLISION ENTRE VEHICULOS,MOTO,CONDUCTOR,22,M,0,MOTO,BOLIVIA casi Batalla de las Piedras Barrio Berbat Rivero,-31.9625702,-54.1271515
1/18/2013 14:00:00,CANELONES,NACIONAL,COLISION ENTRE VEHICULOS,MOTO,CONDUCTOR,36,M,1,CAMION,RUTA 75 esq. PELUFFO,-34.516667,-56.283333
1/18/2013 17:00:00,MONTEVIDEO,DEPARTAMENTAL,COLISION ENTRE VEHICULOS,MOTO,CONDUCTOR,61,M,1,CAMIONETA,AVENIDA JOSE PEDRO VARELA esq. CAMINO CORRALES,-34.8613907,-56.1408341
1/19/2013 23:20:00,FLORIDA,DEPARTAMENTAL,COLISION ENTRE VEHICULOS,MOTO,PASAJERO,16,F,1,CAMIONETA,AVENIDA ARTIGAS esq. A. SIERRA,-34.0937854,-56.2209367
1/20/2013 2:00:00,CANELONES,NACIONAL,ATROPELLO DE PEATON,PEATON,PEATON,45,M,0,AUTO,RUTA INTERBALNEARIA km. 66,-34.7900943,-55.92794
1/20/2013 19:40:00,RIVERA,DEPARTAMENTAL,ATROPELLO DE PEATON,PEATON,PEATON,82,M,0,MOTO,AV. LIBANO esq. TABAR,-30.9019909,-55.5236282
1/21/2013 17:20:00,TACUAREMBO,NACIONAL,COLISION ENTRE VEHICULOS,BICICLETA,CONDUCTOR,14,M,0,CAMIONETA,RUTA 26 km. 348,-31.7361869,-55.9926063
1/21/2013 18:40:00,DURAZNO,NACIONAL,COLISION ENTRE VEHICULOS,MOTO,CONDUCTOR,58,M,0,CAMION,RUTA 5 km. 185.300,-32.9807436,-56.650692
1/22/2013 4:18:00,MALDONADO,DEPARTAMENTAL,COLISION ENTRE VEHICULOS,MOTO,CONDUCTOR,18,M,10,AUTO,AVENIDA JUAN ANTONIO LAVALLEJA esq. ROMAN GUERRA,-34.9046546,-54.9566375
1/23/2013 22:28:00,TACUAREMBO,NACIONAL,ATROPELLO DE PEATON,PEATON,PEATON,46,M,0,CAMIONETA,RUTA 5 km. 377.9,-31.7063755,-56.0057081
1/24/2013 10:26:00,MONTEVIDEO,DEPARTAMENTAL,COLISION ENTRE VEHICULOS,MOTO,CONDUCTOR,25,M,1,CAMION,JOSE LLUPES esq. VITORIA,-34.8499863,-56.2267784
1/28/2013 3:40:00,COLONIA,DEPARTAMENTAL,CAIDA,MOTO,CONDUCTOR,17,M,1,,25 DE AGOSTO esq. LOACES,-33.9418602,-57.8107681
1/28/2013 7:00:00,FLORIDA,NACIONAL,COLISION ENTRE VEHICULOS,AUTO,CONDUCTOR,55,M,0,CAMION,RUTA 5 km. 99,-33.7297462,-56.3249493
1/30/2013 20:00:00,ROCHA,NACIONAL,COLISION ENTRE VEHICULOS,AUTO,CONDUCTOR,65,M,0,OMNIBUS,RUTA 15 km. 175,-34.4878288,-54.319523
1/30/2013 21:15:00,CANELONES,DEPARTAMENTAL,COLISION ENTRE VEHICULOS,MOTO,CONDUCTOR,24,M,0,MOTO,AMERICO VESPUCIO esq. AGRACIADA,-34.516667,-56.283333
1/30/2013 22:45:00,MONTEVIDEO,DEPARTAMENTAL,COLISION CON OBSTACULO,MOTO,CONDUCTOR,34,M,0,,AVENIDA GENERAL RIVERA esq. AVENIDA BOLIVIA,-34.8908653,-56.0727022
1/31/2013 11:55:00,CANELONES,NACIONAL,COLISION ENTRE VEHICULOS,MOTO,CONDUCTOR,24,M,14,CAMION,RUTA INTERBALNEARIA esq. CALLE A,-34.516667,-56.283333
1/31/2013 16:10:00,PAYSANDU,DEPARTAMENTAL,COLISION ENTRE VEHICULOS,MOTO,CONDUCTOR,14,M,1,CAMIONETA,GRITO DE ASENCIO esq. WASHINGTON,-32.3134362,-58.0825466
1/31/2013 19:30:00,SAN JOSE,NACIONAL,COLISION CON OBSTACULO,AUTO,CONDUCTOR,40,M,1,,RUTA 1 km. 32.500,-34.7536068,-56.4131806
2/2/2013 5:30:00,TACUAREMBO,DEPARTAMENTAL,COLISION ENTRE VEHICULOS,MOTO,CONDUCTOR,18,M,0,CAMION,DIECIOCHO DE JULIO esq. PAYSANDU,-32.3089489,-58.0815118
2/2/2013 17:50:00,SAN JOSE,NACIONAL,COLISION ENTRE VEHICULOS,MOTO,CONDUCTOR,48,M,0,CAMIONETA,RUTA 11 km. 52.500,-34.3449612,-56.7168355
2/4/2013 1:30:00,MONTEVIDEO,NACIONAL,COLISION ENTRE VEHICULOS,AUTO,PASAJERO,1,M,2,CAMIONETA,RUTA 5 esq. CAMINO ALTUNA,-34.7697536,-56.2805391
2/4/2013 7:00:00,MONTEVIDEO,DEPARTAMENTAL,COLISION ENTRE VEHICULOS,AUTO,CONDUCTOR,23,M,0,OMNIBUS,AVENIDA DON PEDRO DE MENDOZA esq. CAMINO LOS VIóEDOS,-34.756279,-56.1654701
2/4/2013 7:00:00,MONTEVIDEO,DEPARTAMENTAL,COLISION ENTRE VEHICULOS,AUTO,PASAJERO,49,F,0,OMNIBUS,AVENIDA DON PEDRO DE MENDOZA esq. CAMINO LOS VIóEDOS,-34.756279,-56.1654701
2/4/2013 9:20:00,RIVERA,DEPARTAMENTAL,COLISION ENTRE VEHICULOS,MOTO,CONDUCTOR,21,F,1,AUTO,DOCTOR ANOLLES esq. GENERAL JUAN ANTONIO LAVALLEJA,-30.8989986,-55.551785
2/5/2013 0:10:00,MONTEVIDEO,DEPARTAMENTAL,COLISION ENTRE VEHICULOS,MOTO,CONDUCTOR,18,M,0,CAMIONETA,CAMINO MALDONADO esq. AVENIDA DOCTOR JIMENEZ DE ARECHAGA,-34.8640074,-56.1710529
2/5/2013 0:40:00,CANELONES,NACIONAL,ATROPELLO DE PEATON,PEATON,PEATON,24,F,0,AUTO,RUTA INTERBALNEARIA km. 52,-34.7900943,-55.92794
2/6/2013 0:10:00,PAYSANDU,DEPARTAMENTAL,COLISION ENTRE VEHICULOS,MOTO,CONDUCTOR,29,F,1,MOTO,VENEZUELA esq. DOCTOR ROLDAN,-32.2796402,-58.0765114
2/6/2013 20:00:00,ROCHA,NACIONAL,COLISION ENTRE VEHICULOS,MOTO,CONDUCTOR,N,M,0,AUTO,RUTA 15 km. 193,-34.4878288,-54.319523
2/7/2013 12:20:00,CERRO LARGO,DEPARTAMENTAL,ATROPELLO DE PEATON,PEATON,PEATON,82,F,0,OMNIBUS,DOROTEO NAVARRETE esq. DOCTOR LUIS ALBERTO DE HERRERA,-32.3698311,-54.1654816
2/7/2013 14:00:00,MONTEVIDEO,NACIONAL,COLISION ENTRE VEHICULOS,MOTO,CONDUCTOR,59,M,0,CAMION,RUTA 5 esq. RUTA 102,-34.793125,-56.0730363
2/7/2013 19:08:00,TACUAREMBO,NACIONAL,ATROPELLO DE PEATON,PEATON,PEATON,59,M,0,CAMION,RUTA 26 esq. APOLO XI,-31.7618408,-55.6971016
2/8/2013 6:00:00,CANELONES,NACIONAL,CAIDA,MOTO,PASAJERO,23,F,1,,RUTA 7 km. 45,-34.7679203,-55.7678729
2/8/2013 23:00:00,MONTEVIDEO,DEPARTAMENTAL,COLISION ENTRE VEHICULOS,MOTO,CONDUCTOR,20,M,0,AUTO,BULEVAR BATLLE Y ORDOóEZ esq. TERMOPILAS,-34.8602104,-56.1728287
2/10/2013 6:30:00,MONTEVIDEO,DEPARTAMENTAL,DESPISTE,AUTO,PASAJERO,24,F,0,,AVENIDA LUIS BATLLE BERRES esq. CAMINO PASO DE LA ARENA,-34.8217674,-56.3103671
2/10/2013 16:00:00,FLORIDA,DEPARTAMENTAL,CAIDA,MOTO,CONDUCTOR,49,M,1,,RUTA 14 a aprox. 6 Kms 800 mts. de intersecci«n con RUTA 6,0,0
2/11/2013 7:30:00,MALDONADO,DEPARTAMENTAL,COLISION ENTRE VEHICULOS,AUTO,CONDUCTOR,22,M,0,CAMIONETA,AVENIDA APARICIO SARAVIA esq. SAN PABLO,-34.6277617,-54.9611836
2/11/2013 7:30:00,MALDONADO,DEPARTAMENTAL,COLISION ENTRE VEHICULOS,CAMIONETA,PASAJERO,26,M,0,AUTO,AVENIDA APARICIO SARAVIA esq. SAN PABLO,-34.6277617,-54.9611836
2/11/2013 7:30:00,MALDONADO,DEPARTAMENTAL,COLISION ENTRE VEHICULOS,AUTO,PASAJERO,27,M,0,CAMIONETA,AVENIDA APARICIO SARAVIA esq. SAN PABLO,-34.6277617,-54.9611836
2/11/2013 8:50:00,CANELONES,NACIONAL,CAIDA,BICICLETA,CONDUCTOR,72,M,0,,RUTA 107 km. 3.500,-34.5588807,-56.1913897
2/11/2013 16:05:00,CANELONES,DEPARTAMENTAL,COLISION ENTRE VEHICULOS,MOTO,CONDUCTOR,17,M,1,OMNIBUS,JOSE BATLLE Y ORDOóEZ esq. PEDRO ROSA GIFFUNI,-34.7628403,-56.2257309
2/11/2013 17:15:00,MONTEVIDEO,DEPARTAMENTAL,COLISION ENTRE VEHICULOS,MOTO,CONDUCTOR,22,M,0,AUTO,AVENIDA LUIS BATLLE BERRES esq. TURUBI,-34.8462668,-56.2434691
2/13/2013 3:40:00,CERRO LARGO,DEPARTAMENTAL,DESPISTE,MOTO,CONDUCTOR,39,M,1,,AVENIDA CENTENARIO esq. PEREZ VILA,-32.5875511,-53.3806381
2/14/2013 14:15:00,FLORIDA,NACIONAL,COLISION CON OBSTACULO,AUTO,CONDUCTOR,83,M,0,,RUTA 5 km. 158,-33.7297462,-56.3249493
2/14/2013 14:15:00,FLORIDA,NACIONAL,COLISION CON OBSTACULO,AUTO,PASAJERO,78,F,0,,RUTA 5 km. 158,-33.7297462,-56.3249493
2/16/2013 3:00:00,SALTO,DEPARTAMENTAL,COLISION ENTRE VEHICULOS,MOTO,CONDUCTOR,27,M,0,CAMIONETA,BRASIL esq. OSIMANI Y LERENA,-31.3878098,-57.9625816
2/16/2013 6:35:00,COLONIA,DEPARTAMENTAL,CAIDA,MOTO,CONDUCTOR,18,M,1,,GENERAL JOSE DE SAN MARTIN esq. URUGUAY,-34.0036087,-58.2861214
2/16/2013 9:55:00,CANELONES,DEPARTAMENTAL,COLISION ENTRE VEHICULOS,BICICLETA,CONDUCTOR,N,M,1,MOTO,CAMINO AMERICA esq. RINCON,-34.516667,-56.283333
2/16/2013 21:50:00,SALTO,DEPARTAMENTAL,COLISION ENTRE VEHICULOS,BICICLETA,CONDUCTOR,43,M,1,MOTO,CAMINO DEPARTAMENTAL A RIVERA frente a SAN PEDRO,-31.3546009,-57.7627716
2/17/2013 5:10:00,CANELONES,NACIONAL,ATROPELLO DE PEATON,PEATON,PEATON,16,M,0,AUTO,RUTA 12 km. 79,-34.5214738,-56.2999351
2/18/2013 4:45:00,COLONIA,DEPARTAMENTAL,CAIDA,MOTO,CONDUCTOR,24,M,1,,JOSE ENRIQUE RODO esq. AVENIDA DE LOS ARGENTINOS,-34.0073395,-58.2866287
2/18/2013 21:40:00,MALDONADO,NACIONAL,ATROPELLO DE PEATON,PEATON,PEATON,N,M,1,CAMION,RUTA 13 km. 185,-34.9119265,-54.9900793
2/19/2013 2:45:00,PAYSANDU,NACIONAL,DESPISTE,AUTO,PASAJERO,22,M,1,,RUTA 26 km. 171,-31.8860605,-57.043305
2/20/2013 18:00:00,ROCHA,NACIONAL,DESPISTE,CAMIONETA,CONDUCTOR,68,M,0,,RUTA 15 km. 96,-34.4878288,-54.319523
2/21/2013 18:00:00,MALDONADO,DEPARTAMENTAL,ATROPELLO DE PEATON,PEATON,PEATON,79,M,0,AUTO,RUTA 39 km. 12,-34.9119265,-54.9900793
2/24/2013 3:03:00,CANELONES,DEPARTAMENTAL,COLISION CON OBSTACULO,MOTO,CONDUCTOR,28,M,1,,GENERAL ARTIGAS esq. FRANCISCA ASNAR DE ARTIGAS,-34.516667,-56.283333
2/24/2013 8:00:00,SALTO,DEPARTAMENTAL,COLISION ENTRE VEHICULOS,BICICLETA,CONDUCTOR,50,M,0,CAMIONETA,AVENIDA LUIS BATLLE BERRES esq. AVENIDA GARIBALDI,-31.338889,-57.828611
2/24/2013 19:00:00,SALTO,DEPARTAMENTAL,COLISION ENTRE VEHICULOS,MOTO,CONDUCTOR,20,M,0,CAMION,AVENIDA PARAGUAY esq. AVENIDA E. GAUTRON,-31.3686968,-57.9275949
2/25/2013 18:40:00,PAYSANDU,DEPARTAMENTAL,COLISION ENTRE VEHICULOS,MOTO,CONDUCTOR,13,M,1,CAMION,AVENIDA SORIANO esq. PROYECTADA NOVENTA Y SIETE,-32.3292694,-58.0566597
2/27/2013 9:40:00,RIO NEGRO,NACIONAL,CAIDA,MOTO,PASAJERO,64,M,5,,RUTA 3 km. 322,-32.8584512,-57.4921685
2/27/2013 17:20:00,ARTIGAS,DEPARTAMENTAL,ATROPELLO DE PEATON,PEATON,PEATON,89,M,4,MOTO,DIEGO LAMAS esq. 25 DE AGOSTO,-30.4059464,-56.4724148
3/1/2013 11:58:00,MONTEVIDEO,DEPARTAMENTAL,ATROPELLO DE PEATON,PEATON,PEATON,48,M,0,OMNIBUS,AVENIDA ITALIA esq. GENERAL NARIóO,-34.8867989,-56.1250916
3/1/2013 19:20:00,MONTEVIDEO,DEPARTAMENTAL,COLISION ENTRE VEHICULOS,MOTO,CONDUCTOR,25,M,1,CAMION,CORUóA esq. AGACES,-34.8708992,-56.1514893
3/1/2013 21:00:00,COLONIA,NACIONAL,COLISION ENTRE VEHICULOS,MOTO,CONDUCTOR,74,M,0,AUTO,RUTA 21 km. 202,-33.9820739,-58.2825502
3/2/2013 18:20:00,FLORES,DEPARTAMENTAL,COLISION ENTRE VEHICULOS,MOTO,CONDUCTOR,26,M,3,MOTO,INES DURAN esq. SARANDI,-33.5133209,-56.9015007
3/2/2013 23:10:00,CANELONES,NACIONAL,COLISION CON OBSTACULO,MOTO,CONDUCTOR,55,M,0,,RUTA 81 esq. CAMINO AL RINCON DE VIDAL,-34.516667,-56.283333
3/3/2013 10:00:00,SALTO,NACIONAL,DESPISTE,AUTO,PASAJERO,40,M,0,,RUTA 3 km. 507,-31.3957169,-57.9065285
3/3/2013 19:48:00,MONTEVIDEO,DEPARTAMENTAL,COLISION ENTRE VEHICULOS,MOTO,CONDUCTOR,24,M,1,AUTO,AVELLANEDA esq. VEINTIUNO DE ABRIL,-34.9011127,-56.1645314
3/4/2013 10:15:00,TACUAREMBO,DEPARTAMENTAL,COLISION CON OBSTACULO,MOTO,CONDUCTOR,65,M,0,AUTO,AV. OLIVER esq. HERREIRA Y REISSIG,-31.7089901,-55.9974785
3/5/2013 18:30:00,CANELONES,NACIONAL,CAIDA,MOTO,CONDUCTOR,35,M,0,,RUTA 7 km. 55.800,-34.5214738,-56.2999351
3/6/2013 12:55:00,CANELONES,DEPARTAMENTAL,COLISION ENTRE VEHICULOS,MOTO,PASAJERO,8,F,2,CAMIONETA,DIECIOCHO DE JULIO esq. MADRID,-34.516667,-56.283333
3/6/2013 20:50:00,CERRO LARGO,NACIONAL,COLISION ENTRE VEHICULOS,MOTO,CONDUCTOR,25,M,0,CAMIONETA,RUTA 8 km. 413,-32.3066971,-54.1636428
3/7/2013 18:05:00,RIVERA,DEPARTAMENTAL,COLISION CON OBSTACULO,MOTO,CONDUCTOR,19,M,0,,CHASQUE DE LOS SANTOS esq. DIONISIO ORIBE,-30.8866284,-55.5616482
3/8/2013 6:45:00,SAN JOSE,NACIONAL,DESPISTE,AUTO,CONDUCTOR,42,M,0,,RUTA 1 km. 73.800,-34.5742989,-56.7191505
3/8/2013 10:00:00,CANELONES,DEPARTAMENTAL,COLISION ENTRE VEHICULOS,MOTO,PASAJERO,10,F,0,AUTO,RUTA 64 esq. BALTASAR BRUM,-34.5263205,-56.283459
3/9/2013 4:55:00,MONTEVIDEO,DEPARTAMENTAL,COLISION ENTRE VEHICULOS,MOTO,CONDUCTOR,34,M,0,MOTO,PRIMERA AL NORTE esq. CAMINO CIBILS,-34.8627476,-56.268929
3/10/2013 1:50:00,RIO NEGRO,NACIONAL,CAIDA,MOTO,CONDUCTOR,47,M,1,,RUTA 25 km. 44,-32.766518,-57.9198736
3/10/2013 6:00:00,CANELONES,NACIONAL,COLISION ENTRE VEHICULOS,MOTO,CONDUCTOR,52,M,0,AUTO,RUTA 64 km. 3.800,-34.5214738,-56.2999351
3/13/2013 17:00:00,ARTIGAS,DEPARTAMENTAL,COLISION ENTRE VEHICULOS,CAMIONETA,PASAJERO,31,F,0,CAMIONETA,CAMINO VECINAL A TRES CERROS a 8 Km de RUTA 4,0,0
3/15/2013 13:30:00,ROCHA,NACIONAL,COLISION ENTRE VEHICULOS,AUTO,CONDUCTOR,69,F,0,CAMION,RUTA 10 km. 271.500,-34.4878288,-54.319523
3/16/2013 13:00:00,CANELONES,NACIONAL,ATROPELLO DE PEATON,PEATON,PEATON,9,F,0,CAMIONETA,RUTA 101 km. 19,-34.789378,-56.0013672
3/17/2013 22:40:00,MONTEVIDEO,DEPARTAMENTAL,COLISION ENTRE VEHICULOS,MOTO,CONDUCTOR,34,M,28,AUTO,AVENIDA OCHO DE OCTUBRE esq. MARCOS SASTRE,-34.8596637,-56.1308676
3/18/2013 2:45:00,LAVALLEJA,NACIONAL,DESPISTE,CAMIONETA,PASAJERO,42,M,0,,RUTA 8 km. 127.500,-34.3779782,-55.2527051
3/18/2013 3:05:00,SAN JOSE,DEPARTAMENTAL,COLISION CON OBSTACULO,MOTO,CONDUCTOR,44,M,2,,ANSINA Y 25 DE MAYO,-34.3343004,-56.7120704
3/18/2013 5:56:00,CANELONES,DEPARTAMENTAL,COLISION ENTRE VEHICULOS,MOTO,CONDUCTOR,38,M,0,OMNIBUS,AVENIDA GIANNATTASIO ENTRE RACINE Y AVENIDA DE LA PALYA,-34.516667,-56.283333
3/18/2013 6:55:00,MALDONADO,DEPARTAMENTAL,COLISION ENTRE VEHICULOS,MOTO,CONDUCTOR,19,M,0,AUTO,JACINTO MARIA ALVARIZA esq. CARLOS REYLES,-34.8860404,-54.9427947
3/19/2013 4:00:00,SAN JOSE,NACIONAL,CAIDA,MOTO,CONDUCTOR,42,M,1,,RUTA 1 km. 26,-34.7536068,-56.4131806
3/19/2013 18:15:00,PAYSANDU,DEPARTAMENTAL,COLISION ENTRE VEHICULOS,MOTO,CONDUCTOR,28,M,24,MOTO,COLON esq. CIUDAD DE YOUNG,-32.324001,-58.061577
3/20/2013 11:35:00,MONTEVIDEO,DEPARTAMENTAL,COLISION ENTRE VEHICULOS,MOTO,CONDUCTOR,32,M,7,OMNIBUS,AVENIDA GENERAL EUGENIO GARZON esq. CARVE,-34.8072209,-56.2284002
3/21/2013 5:00:00,TACUAREMBO,DEPARTAMENTAL,CAIDA,MOTO,CONDUCTOR,28,M,0,,CARLOS GARDEL esq. BENITO NARDONE,-31.7223206,-55.9738998
3/21/2013 6:30:00,MONTEVIDEO,DEPARTAMENTAL,ATROPELLO DE PEATON,PEATON,PEATON,82,M,1,MOTO,AVENIDA JOSE BELLONI esq. CAMINO CAPITAN TULA,-34.8214197,-56.1415572
3/21/2013 19:50:00,SALTO,NACIONAL,COLISION ENTRE VEHICULOS,BICICLETA,CONDUCTOR,72,M,0,AUTO,RUTA 31 km. 49.500,-31.3823467,-57.8429103
3/22/2013 11:20:00,MONTEVIDEO,DEPARTAMENTAL,COLISION ENTRE VEHICULOS,MOTO,CONDUCTOR,43,M,1,CAMION,BOULEVARD GENERAL ARTIGAS esq. URUGUAYANA,-34.8709163,-56.2083705
3/22/2013 17:00:00,ROCHA,DEPARTAMENTAL,COLISION ENTRE VEHICULOS,BICICLETA,PASAJERO,2,M,0,CAMION,25 de MAYO esq. BATLLE y ORDOóEZ,-34.47826,-54.3330917
3/23/2013 12:00:00,MONTEVIDEO,DEPARTAMENTAL,ATROPELLO DE PEATON,PEATON,PEATON,55,F,2,MOTO,AVENIDA DOCTOR CARLOS MARIA RAMIREZ esq. RIO DE JANEIRO,-34.8818724,-56.2541396
3/23/2013 13:15:00,PAYSANDU,NACIONAL,DESPISTE,CAMIONETA,PASAJERO,17,F,0,,RUTA 3 km. 464,-32.3030185,-58.0430716
3/23/2013 13:15:00,PAYSANDU,NACIONAL,DESPISTE,CAMIONETA,PASAJERO,9,F,0,,RUTA 3 km. 464,-32.3030185,-58.0430716
3/23/2013 13:15:00,PAYSANDU,NACIONAL,DESPISTE,CAMIONETA,PASAJERO,59,F,0,,RUTA 3 km. 464,-32.3030185,-58.0430716
3/25/2013 0:45:00,CANELONES,NACIONAL,DESPISTE,CAMIONETA,CONDUCTOR,41,M,0,,RUTA INTERBALNEARIA km. 37.5,-34.7900943,-55.92794
3/25/2013 23:15:00,MONTEVIDEO,DEPARTAMENTAL,COLISION CON OBSTACULO,MOTO,CONDUCTOR,20,M,1,,CHILE esq. REPUBLICA ARGENTINA,-34.9011127,-56.1645314
3/27/2013 11:30:00,MONTEVIDEO,NACIONAL,COLISION ENTRE VEHICULOS,MOTO,CONDUCTOR,82,M,28,MOTO,RUTA 8 km. 21.200 esq. CAMINO TENIENTE GALEANO,-34.8154003,-56.1079411
3/27/2013 15:40:00,FLORIDA,NACIONAL,COLISION ENTRE VEHICULOS,AUTO,CONDUCTOR,38,M,1,AUTO,RUTA 5 km. 94.500,-33.7297462,-56.3249493
3/27/2013 15:40:00,FLORIDA,NACIONAL,COLISION ENTRE VEHICULOS,AUTO,CONDUCTOR,67,F,0,AUTO,RUTA 5 km. 94.500,-33.7297462,-56.3249493
3/29/2013 3:10:00,CANELONES,DEPARTAMENTAL,COLISION ENTRE VEHICULOS,MOTO,CONDUCTOR,N,M,0,CAMIONETA,FRANCISCO ACUóA DE FIGUEROA esq. JOSE BATLLE Y ORDOóEZ,-34.5299911,-56.2827606
3/30/2013 16:45:00,PAYSANDU,NACIONAL,DESPISTE,AUTO,PASAJERO,79,M,0,,RUTA 3 km. 381,-32.3030185,-58.0430716
3/30/2013 18:30:00,MONTEVIDEO,DEPARTAMENTAL,COLISION ENTRE VEHICULOS,MOTO,CONDUCTOR,49,M,0,CAMIONETA,AV. ITALIA esq. SANTANA,-34.8886733,-56.1169533
3/30/2013 19:30:00,RIO NEGRO,NACIONAL,COLISION ENTRE VEHICULOS,MOTO,CONDUCTOR,55,M,0,CAMION,RUTA 25 km. 3.500,-32.766518,-57.9198736
3/31/2013 6:00:00,MALDONADO,DEPARTAMENTAL,DESPISTE,CAMIONETA,CONDUCTOR,35,M,1,,CALLE 3 esq. CALLE 13,-34.6277617,-54.9611836
3/31/2013 16:30:00,MONTEVIDEO,NACIONAL,COLISION ENTRE VEHICULOS,CAMIONETA,PASAJERO,10,F,2,OMNIBUS,RUTA 5 esq. Luis Batlle Berres,-34.9011127,-56.1645314
3/31/2013 19:30:00,CANELONES,DEPARTAMENTAL,COLISION ENTRE VEHICULOS,BICICLETA,CONDUCTOR,18,M,1,OMNIBUS,AVENIDA PEREZ BUTLER esq. FRANCISCO MACHADO,-34.516667,-56.283333
3/31/2013 19:50:00,MONTEVIDEO,DEPARTAMENTAL,COLISION ENTRE VEHICULOS,MOTO,PASAJERO,20,M,1,AUTO,AVENIDA DOCTOR CARLOS NERY esq. JAEN,-34.8406932,-56.1277068
4/1/2013 0:30:00,MONTEVIDEO,DEPARTAMENTAL,COLISION ENTRE VEHICULOS,MOTO,CONDUCTOR,33,M,0,AUTO,AVENIDA 18 DE JULIO esq. JUAN PAULLIER,-34.8910943,-56.1704682
4/1/2013 21:50:00,PAYSANDU,NACIONAL,COLISION ENTRE VEHICULOS,AUTO,PASAJERO,78,M,0,CAMION,RUTA 26 km. 78,-31.8860605,-57.043305
4/2/2013 8:20:00,PAYSANDU,DEPARTAMENTAL,COLISION ENTRE VEHICULOS,MOTO,CONDUCTOR,38,F,1,MOTO,SARANDI esq. GENERAL EUGENIO GARZON,-34.6832581,-58.3439941
4/3/2013 7:50:00,MONTEVIDEO,NACIONAL,COLISION ENTRE VEHICULOS,MOTO,CONDUCTOR,22,M,0,CAMIONETA,RUTA 1 esq. AVENIDA DOCTOR SANTIN CARLOS ROSSI,-34.9011127,-56.1645314
4/3/2013 14:45:00,MONTEVIDEO,NACIONAL,COLISION ENTRE VEHICULOS,MOTO,CONDUCTOR,31,M,0,AUTO,RUTA 5 esq. RUTA DE ACCESO,-34.9295555,-56.160332
4/3/2013 16:00:00,MONTEVIDEO,DEPARTAMENTAL,COLISION ENTRE VEHICULOS,MOTO,CONDUCTOR,31,M,1,CAMION,CAMAMBU esq. RUPERTO PEREZ,-34.8734986,-56.1347641
4/5/2013 6:48:00,MONTEVIDEO,DEPARTAMENTAL,COLISION ENTRE VEHICULOS,MOTO,CONDUCTOR,32,M,6,AUTO,CONCILIACION esq. BENITO RIQUET,-34.8663693,-56.2315275
4/6/2013 17:20:00,SAN JOSE,NACIONAL,DESPISTE,AUTO,PASAJERO,19,M,0,,RUTA 3 km. 95,-34.3443517,-56.7286901
4/6/2013 17:20:00,SAN JOSE,NACIONAL,DESPISTE,AUTO,PASAJERO,23,M,1,,RUTA 3 km. 95,-34.3443517,-56.7286901
4/7/2013 0:45:00,CANELONES,NACIONAL,COLISION ENTRE VEHICULOS,MOTO,CONDUCTOR,20,M,0,MOTO,RUTA 7 km. 79.200,-34.5214738,-56.2999351
4/7/2013 6:00:00,CANELONES,DEPARTAMENTAL,DESPISTE,MOTO,CONDUCTOR,31,M,0,,CESAR MAYO GUTIERREZ esq. ARAUCARIA,-34.516667,-56.283333
4/8/2013 13:00:00,PAYSANDU,DEPARTAMENTAL,DESPISTE,CAMIONETA,CONDUCTOR,28,M,0,,RUTA DE LOS CHARRUAS,-32.314541,-58.0815532
4/9/2013 11:10:00,ARTIGAS,DEPARTAMENTAL,COLISION ENTRE VEHICULOS,MOTO,CONDUCTOR,61,M,11,MOTO,GRAL. GARZON esq. BELLA UNION,-30.25,-57.583333
4/9/2013 18:50:00,MONTEVIDEO,DEPARTAMENTAL,COLISION ENTRE VEHICULOS,PEATON,PEATON,42,M,0,MOTO,AVENIDA GENERAL RONDEAU esq. CORONEL FRANCISCO TAJES,-34.9011127,-56.1645314
4/11/2013 6:30:00,CANELONES,DEPARTAMENTAL,COLISION ENTRE VEHICULOS,AUTO,PASAJERO,19,M,0,MAQUINARIA,RUTA 67 km 31.300.,-34.5214738,-56.2999351
4/11/2013 21:00:00,LAVALLEJA,NACIONAL,ATROPELLO DE PEATON,PEATON,PEATON,48,M,0,CAMIONETA,RUTA 8 km. 187,-34.3779782,-55.2527051
4/12/2013 6:30:00,MONTEVIDEO,DEPARTAMENTAL,ATROPELLO DE PEATON,PEATON,PEATON,58,F,1,OMNIBUS,AVENIDA OCHO DE OCTUBRE esq. AGUSTIN ABREU,-34.8820783,-56.1485052
4/12/2013 19:20:00,MONTEVIDEO,DEPARTAMENTAL,ATROPELLO DE PEATON,PEATON,PEATON,61,M,1,MOTO,BOULEVARD JOSE BATLLE Y ORDOóEZ esq. JOSE ARECHAVALETA,-34.8484383,-56.1875916
4/12/2013 20:50:00,CANELONES,DEPARTAMENTAL,ATROPELLO DE PEATON,PEATON,PEATON,48,M,0,CAMIONETA,AVENIDA GIANNATASIO Km.23,-34.8274986,-55.9683926
4/13/2013 0:01:00,MONTEVIDEO,DEPARTAMENTAL,COLISION CON OBSTACULO,CAMIONETA,CONDUCTOR,42,M,0,,LIMA esq. REPUBLICA,-34.896566,-56.1768371
4/13/2013 2:18:00,MONTEVIDEO,DEPARTAMENTAL,ATROPELLO DE PEATON,PEATON,PEATON,61,F,0,AUTO,AVENIDA ITALIA esq. BOULEVARD JOSE BATLLE Y ORDOóEZ,-34.8867416,-56.1379089
4/14/2013 2:05:00,COLONIA,DEPARTAMENTAL,COLISION ENTRE VEHICULOS,MOTO,CONDUCTOR,19,F,0,CAMIONETA,AV. BATLLE Y ORD?óEZ fte a Land House,0,0
4/14/2013 4:35:00,TACUAREMBO,NACIONAL,COLISION ENTRE VEHICULOS,MOTO,CONDUCTOR,51,M,0,AUTO,RUTA 5 km. 387.5,-31.7063755,-56.0057081
4/14/2013 9:15:00,FLORIDA,NACIONAL,COLISION ENTRE VEHICULOS,CAMIONETA,CONDUCTOR,49,M,0,AUTO,RUTA 5 km. 101,-33.7297462,-56.3249493
4/14/2013 19:40:00,SAN JOSE,NACIONAL,ATROPELLO DE ANIMALES,CABALLO,CONDUCTOR,20,M,0,AUTO,RUTA 1 km. 42,-34.7536068,-56.4131806
4/14/2013 19:40:00,SAN JOSE,NACIONAL,ATROPELLO DE ANIMALES,AUTO,CONDUCTOR,44,M,0,CABALLO,RUTA 1 km. 42,-34.7536068,-56.4131806
4/15/2013 0:50:00,TACUAREMBO,NACIONAL,COLISION CON OBSTACULO,MOTO,CONDUCTOR,21,M,0,,RUTA 5 km. 338,-31.7063755,-56.0057081
4/15/2013 15:15:00,FLORIDA,DEPARTAMENTAL,COLISION ENTRE VEHICULOS,CAMIONETA,CONDUCTOR,31,M,0,MAQUINARIA,CAMINO NACIONAL a 1 km de LA CRUZ,-33.929167,-56235
4/17/2013 22:15:00,MONTEVIDEO,DEPARTAMENTAL,CAIDA,MOTO,CONDUCTOR,45,M,1,,DOCTOR CARLOS MARIA DE PENA esq. CORONILLA,-34.8414448,-56.2247123
4/20/2013 0:00:00,MALDONADO,DEPARTAMENTAL,COLISION ENTRE VEHICULOS,MOTO,CONDUCTOR,17,M,1,MOTO,RAMBLA entre TRAPANI Y FREIRE,-34.6277617,-54.9611836
4/20/2013 5:00:00,DURAZNO,DEPARTAMENTAL,COLISION ENTRE VEHICULOS,MOTO,CONDUCTOR,25,M,1,CAMIONETA,PLZA ARTIGAS esq. DOCTOR E. PENZA,-32.8866806,-55.6134682
4/21/2013 0:50:00,TACUAREMBO,DEPARTAMENTAL,COLISION ENTRE VEHICULOS,MOTO,PASAJERO,20,F,0,MOTO,DIECIOCHO DE JULIO esq. PROF. JULIO CASTRO,-34.9023258,-56.1834883
4/21/2013 5:30:00,CANELONES,NACIONAL,COLISION ENTRE VEHICULOS,AUTO,CONDUCTOR,60,M,0,CAMIONETA,RUTA 11 km. 95.500,-34.5214738,-56.2999351
4/21/2013 8:55:00,MONTEVIDEO,DEPARTAMENTAL,COLISION ENTRE VEHICULOS,MOTO,CONDUCTOR,40,M,1,AUTO,CAMINO FAUQUET esq. ROTONDA,-34.9011127,-56.1645314
4/21/2013 20:00:00,CANELONES,NACIONAL,COLISION ENTRE VEHICULOS,BICICLETA,CONDUCTOR,N,M,0,CAMIONETA,RUTA 5 esq. RUTA 81,-34.516667,-56.283333
4/22/2013 7:00:00,RIVERA,NACIONAL,COLISION ENTRE VEHICULOS,MOTO,CONDUCTOR,59,M,0,CAMIONETA,RUTA 5 km. 468,-30.9510806,-55.5393908
4/22/2013 13:20:00,CANELONES,DEPARTAMENTAL,COLISION ENTRE VEHICULOS,MOTO,CONDUCTOR,18,M,2,CAMION,PASO ESCOBAR esq. VENTURA,-34.516667,-56.283333
4/22/2013 15:30:00,MALDONADO,DEPARTAMENTAL,DESPISTE,CAMIONETA,CONDUCTOR,58,M,0,,CAMINO DE LAS SIERRAS a 200m de Villa Rural,-34.6277617,-54.9611836
4/22/2013 16:45:00,SAN JOSE,NACIONAL,COLISION CON OBSTACULO,CAMIONETA,PASAJERO,57,M,0,,RUTA 1 km. 90.650,-34.7536068,-56.4131806
4/22/2013 18:50:00,MONTEVIDEO,DEPARTAMENTAL,ATROPELLO DE PEATON,PEATON,PEATON,80,M,1,MOTO,AVENIDA GENERAL FLORES esq. DOCTOR JUAN JOSE DE AMEZAGA,-34.9011127,-56.1645314
4/24/2013 6:50:00,MONTEVIDEO,DEPARTAMENTAL,ATROPELLO DE PEATON,PEATON,PEATON,67,M,1,MOTO,AVENIDA AGRACIADA esq. CORONEL FRANCISCO TAJES,-34.9011127,-56.1645314
4/25/2013 7:15:00,MALDONADO,NACIONAL,COLISION ENTRE VEHICULOS,AUTO,CONDUCTOR,59,F,0,CAMION,RUTA 9 km. 139,-34.7336343,-54.9965384
4/25/2013 9:55:00,COLONIA,NACIONAL,DESPISTE,AUTO,CONDUCTOR,33,M,0,,RUTA 21 km. 227,-33.9820739,-58.2825502
4/25/2013 12:15:00,MONTEVIDEO,NACIONAL,COLISION ENTRE VEHICULOS,CAMION,PASAJERO,63,M,0,CAMION,RUTA 102 esq. CAMINO FAUQUET,-34.7655102,-56.2684036
4/25/2013 19:30:00,COLONIA,DEPARTAMENTAL,CAIDA,MOTO,PASAJERO,45,M,0,,RUTA 1 VIEJA - PTE. ARROYO LA CABALLADA,0,0
4/26/2013 7:50:00,CANELONES,NACIONAL,COLISION ENTRE VEHICULOS,AUTO,CONDUCTOR,28,M,0,CAMION,RUTA 8 km. 45.800,-34.6907102,-55.8203886
4/26/2013 19:00:00,CANELONES,NACIONAL,COLISION ENTRE VEHICULOS,MOTO,CONDUCTOR,38,F,0,AUTO,RUTA 32 km. 22.600,-34.5214738,-56.2999351
4/27/2013 13:52:00,TACUAREMBO,NACIONAL,COLISION ENTRE VEHICULOS,MOTO,CONDUCTOR,59,F,0,CAMION,RUTA 26 esq. GRAL. MANUEL ORIBE Radial la Plaqueta,0,0
4/27/2013 21:10:00,CANELONES,NACIONAL,COLISION ENTRE VEHICULOS,MOTO,PASAJERO,N,M,0,OMNIBUS,RUTA 101 esq. AVENIDA CALCAGNO,-34.516667,-56.283333
4/27/2013 23:00:00,CANELONES,NACIONAL,COLISION ENTRE VEHICULOS,MOTO,CONDUCTOR,30,M,1,AUTO,RUTA 7 km. 30,-34.5214738,-56.2999351
4/28/2013 15:35:00,RIVERA,DEPARTAMENTAL,COLISION ENTRE VEHICULOS,MOTO,CONDUCTOR,12,F,0,CAMIONETA,CAMINO CURTICEIRAS a 1 km de Escuela 40,0,0
4/30/2013 18:20:00,SAN JOSE,NACIONAL,COLISION ENTRE VEHICULOS,AUTO,PASAJERO,1,F,0,CAMION,RUTA 11 km. 60.300,-34.3449612,-56.7168355
4/30/2013 18:20:00,SAN JOSE,NACIONAL,COLISION ENTRE VEHICULOS,AUTO,PASAJERO,32,F,0,CAMION,RUTA 11 km. 60.300,-34.3449612,-56.7168355
4/30/2013 18:20:00,SAN JOSE,NACIONAL,COLISION ENTRE VEHICULOS,AUTO,CONDUCTOR,39,M,0,CAMION,RUTA 11 km. 60.300,-34.3449612,-56.7168355
4/30/2013 18:20:00,SAN JOSE,NACIONAL,COLISION ENTRE VEHICULOS,AUTO,PASAJERO,67,M,0,CAMION,RUTA 11 km. 60.300,-34.3449612,-56.7168355
4/30/2013 18:20:00,SAN JOSE,NACIONAL,COLISION ENTRE VEHICULOS,AUTO,PASAJERO,65,F,0,CAMION,RUTA 11 km. 60.300,-34.3449612,-56.7168355
4/30/2013 19:00:00,SALTO,DEPARTAMENTAL,CAIDA,MOTO,CONDUCTOR,39,M,0,,AVENIDA SOLARI frente Cementerio Parque,-31.4331894,-57.9757996
4/30/2013 19:10:00,MONTEVIDEO,DEPARTAMENTAL,ATROPELLO DE PEATON,PEATON,PEATON,81,M,1,OMNIBUS,PEDRO GIRALT esq. ALAGOAS,-34.8543989,-56.2452733
5/1/2013 21:00:00,MONTEVIDEO,DEPARTAMENTAL,CAIDA,MOTO,CONDUCTOR,N,M,0,,OCHO esq. CAMINO TENIENTE GALEANO,-34.8154003,-56.1079411
5/2/2013 16:31:00,SORIANO,DEPARTAMENTAL,COLISION ENTRE VEHICULOS,MOTO,CONDUCTOR,70,M,1,AUTO,CONTINUACI?N RICO PUPO esq. PERIMETRAL,0,0
5/2/2013 19:00:00,ROCHA,NACIONAL,ATROPELLO DE PEATON,PEATON,PEATON,74,M,0,CAMIONETA,RUTA 19 esq. ARROYO CONVENTOS,-33.6921196,-53.4683418
5/3/2013 22:40:00,FLORIDA,NACIONAL,DESPISTE,CAMIONETA,PASAJERO,55,M,0,,RUTA 6 km. 193,-33.7763538,-55.8315995
5/5/2013 4:45:00,ROCHA,NACIONAL,DESPISTE,CAMIONETA,PASAJERO,20,M,0,,RUTA 14 km. 500,-34.4878288,-54.319523
5/6/2013 7:45:00,RIVERA,DEPARTAMENTAL,DESPISTE,MOTO,CONDUCTOR,20,M,0,,AVENIDA MANUEL ORIBE,-30.9080005,-55.5327642
5/6/2013 20:15:00,RIO NEGRO,DEPARTAMENTAL,COLISION ENTRE VEHICULOS,MOTO,CONDUCTOR,55,M,1,AUTO,RUTA PUENTE PUERTO esq. YAROS,-33.1247711,-58.2862701
5/8/2013 8:25:00,CERRO LARGO,DEPARTAMENTAL,COLISION ENTRE VEHICULOS,MOTO,PASAJERO,17,M,1,AUTO,F. MATA esq. JOSE BATLLE Y ORDOóEZ,-31.9574909,-54.1217918
5/8/2013 19:15:00,PAYSANDU,NACIONAL,COLISION ENTRE VEHICULOS,AUTO,PASAJERO,40,M,0,CAMIONETA,RUTA 3 km. 330.5,-32.3030185,-58.0430716
5/9/2013 3:10:00,RIO NEGRO,NACIONAL,COLISION CON OBSTACULO,MOTO,CONDUCTOR,31,M,1,,RUTA 25 km. 31.100,-32.766518,-57.9198736
5/11/2013 2:50:00,CANELONES,NACIONAL,CAIDA,MOTO,CONDUCTOR,41,M,0,,RUTA INTERBALNEARIA km. 45.500.,-34.7679203,-55.7678729
5/11/2013 4:15:00,TACUAREMBO,DEPARTAMENTAL,DESPISTE,CAMIONETA,PASAJERO,20,F,0,,VEINTICINCO DE MAYO esq. VEINTICINCO DE AGOSTO,-31.7138405,-55.98246
5/11/2013 4:15:00,TACUAREMBO,DEPARTAMENTAL,DESPISTE,CAMIONETA,PASAJERO,20,F,0,,VEINTICINCO DE MAYO esq. VEINTICINCO DE AGOSTO,-31.7138405,-55.98246
5/11/2013 19:30:00,MONTEVIDEO,DEPARTAMENTAL,COLISION ENTRE VEHICULOS,MOTO,CONDUCTOR,49,M,1,MOTO,DUNANT esq. CESAR BATLLE PACHECO,-34.9011127,-56.1645314
5/11/2013 20:10:00,SAN JOSE,DEPARTAMENTAL,COLISION ENTRE VEHICULOS,MOTO,PASAJERO,15,F,2,CAMION,RUTA 3 esq. APARICIO SARAVIA,-34.3470383,-56.7277184
5/12/2013 0:15:00,MONTEVIDEO,DEPARTAMENTAL,COLISION ENTRE VEHICULOS,MOTO,CONDUCTOR,16,M,0,AUTO,MARIANO SOLER esq. PESTALOZZI,-34.8607499,-56.1814684
5/12/2013 1:30:00,CANELONES,NACIONAL,COLISION ENTRE VEHICULOS,MOTO,CONDUCTOR,37,M,0,CAMIONETA,RUTA 64 km. 5.800,-34.5214738,-56.2999351
5/12/2013 3:30:00,CANELONES,NACIONAL,COLISION ENTRE VEHICULOS,MOTO,CONDUCTOR,19,M,0,MOTO,RUTA 8 km. 59,-34.6907102,-55.8203886
5/12/2013 4:25:00,COLONIA,NACIONAL,DESPISTE,AUTO,CONDUCTOR,57,F,0,,RUTA 1 km 124.500,-34.4649078,-56.8951204
5/12/2013 4:45:00,LAVALLEJA,NACIONAL,COLISION ENTRE VEHICULOS,MOTO,PASAJERO,25,M,1,CAMIONETA,RUTA 12 esq. CARLOS FALCO,-34.0040354,-54.9611836
5/12/2013 6:00:00,ARTIGAS,DEPARTAMENTAL,COLISION CON OBSTACULO,MOTO,CONDUCTOR,25,M,1,,JOS ARTIGAS esq. PABLO ACOSTA,-30.2631893,-57.6114883
5/12/2013 16:30:00,CANELONES,DEPARTAMENTAL,COLISION ENTRE VEHICULOS,MOTO,CONDUCTOR,34,M,0,CAMION,CAMINO LA YOLANDA esq. CON. PERUGORRIA,-34.516667,-56.283333
5/12/2013 22:35:00,DURAZNO,NACIONAL,COLISION ENTRE VEHICULOS,MOTO,CONDUCTOR,38,M,0,MOTO,RUTA 5 km. 248.5,-32.9807436,-56.650692
5/13/2013 18:30:00,DURAZNO,DEPARTAMENTAL,COLISION ENTRE VEHICULOS,MOTO,CONDUCTOR,72,M,1,MOTO,DAMASO ANTONIO LARRAóAGA esq. JOSE BATLLE Y ORDOóEZ,-32.8253403,-56.5009193
5/14/2013 18:50:00,CANELONES,NACIONAL,ATROPELLO DE PEATON,CAMIONETA,CONDUCTOR,82,F,6,CAMIONETA,RUTA 74 esq. CAMINO DEL INDIO,-34.516667,-56.283333
5/15/2013 12:32:00,PAYSANDU,NACIONAL,COLISION ENTRE VEHICULOS,CAMIONETA,PASAJERO,62,M,0,CAMION,RUTA 26 km. 78.400,-31.8860605,-57.043305
5/17/2013 3:00:00,PAYSANDU,NACIONAL,DESPISTE,CAMIONETA,CONDUCTOR,41,M,1,,RUTA 90 km. 81.9,-32.3588079,-57.9271214
5/17/2013 7:10:00,MONTEVIDEO,DEPARTAMENTAL,COLISION ENTRE VEHICULOS,MOTO,CONDUCTOR,34,M,1,CAMIONETA,CAMINO TENIENTE GALEANO esq. CESAR BATLLE PACHECO,-34.9011127,-56.1645314
5/18/2013 4:00:00,SALTO,DEPARTAMENTAL,DESPISTE,AUTO,CONDUCTOR,36,M,0,,COSTANERA SUR Y ACUóA DE FIGUEROA,-31.3980007,-57.9456291
5/19/2013 1:10:00,CANELONES,NACIONAL,DESPISTE,CAMIONETA,CONDUCTOR,47,M,0,,RUTA 80 km 93,-34.5214738,-56.2999351
5/19/2013 9:00:00,SALTO,NACIONAL,COLISION ENTRE VEHICULOS,MOTO,PASAJERO,48,F,0,AUTO,RUTA 3 km 482,-31.3957169,-57.9065285
5/19/2013 9:00:00,SALTO,NACIONAL,COLISION ENTRE VEHICULOS,MOTO,CONDUCTOR,51,M,0,AUTO,RUTA 3 km 482,-31.3957169,-57.9065285
5/19/2013 14:40:00,CANELONES,DEPARTAMENTAL,ATROPELLO DE PEATON,PEATON,PEATON,5,F,1,AUTO,TERESA MUóOZ esq. PEDRO ROSA GIFFUNI,-34.7529984,-56.225811
5/20/2013 8:45:00,CANELONES,DEPARTAMENTAL,DESPISTE,CAMIONETA,CONDUCTOR,42,M,0,,AVENIDA GENERAL ARTIGAS esq. AVENIDA COSTANERA,-34.516667,-56.283333
5/20/2013 13:25:00,MONTEVIDEO,DEPARTAMENTAL,COLISION ENTRE VEHICULOS,MOTO,CONDUCTOR,19,M,1,CARRO,BOULEVARD APARICIO SARAVIA esq. JUAN ACOSTA,-34.8414685,-56.1639934
5/22/2013 18:00:00,CANELONES,DEPARTAMENTAL,COLISION ENTRE VEHICULOS,MOTO,CONDUCTOR,33,F,0,OMNIBUS,AVENIDA PEREZ BUTLER esq. CIUDAD DE CANELONES,-34.516667,-56.283333
5/23/2013 6:30:00,MONTEVIDEO,DEPARTAMENTAL,COLISION CON OBSTACULO,MOTO,CONDUCTOR,55,M,0,,CAMINO MELILLA esq. CAMINO SERE,-34.7518951,-56.2989358
5/23/2013 17:20:00,MONTEVIDEO,DEPARTAMENTAL,COLISION ENTRE VEHICULOS,MOTO,CONDUCTOR,40,M,5,AUTO,MATILDE PACHECO DE BATLLE Y ORDOóEZ esq. OFICIAL TRES --CASAVALLE--,-34.8248405,-56.1656494
5/25/2013 6:00:00,MONTEVIDEO,NACIONAL,ATROPELLO DE PEATON,PEATON,PEATON,29,F,0,CAMION,RUTA 8 km. 19.200,-34.7936321,-56.072506
5/26/2013 14:50:00,SAN JOSE,NACIONAL,COLISION ENTRE VEHICULOS,AUTO,CONDUCTOR,N,M,1,MOTO,RUTA 1 esq. EDUARDO PASCUAL,-34.7421303,-56.4437294
5/26/2013 19:00:00,DURAZNO,NACIONAL,COLISION ENTRE VEHICULOS,MOTO,CONDUCTOR,53,M,1,MOTO,RUTA 14 esq. CNO. ROSSI,-33.2776604,-55.8139992
5/26/2013 19:25:00,CANELONES,NACIONAL,COLISION ENTRE VEHICULOS,AUTO,PASAJERO,42,F,0,AUTO,RUTA 74 km. 27.200,-34.733823,-56.0331219
5/26/2013 21:30:00,FLORIDA,NACIONAL,ATROPELLO DE PEATON,PEATON,PEATON,57,M,1,MOTO,RUTA 7 km. 250,-33.7705423,-55.965288
5/27/2013 23:10:00,CANELONES,NACIONAL,ATROPELLO DE PEATON,PEATON,PEATON,N,M,0,MOTO,RUTA INTERBALNEARIA km. 29.600,-34.7900943,-55.92794
5/28/2013 18:35:00,CANELONES,NACIONAL,DESPISTE,CAMIONETA,CONDUCTOR,68,M,1,,RUTA 5 km. 40.300,-34.4626926,-56.2733674
5/28/2013 18:51:00,CERRO LARGO,NACIONAL,ATROPELLO DE PEATON,PEATON,PEATON,55,M,0,CAMION,RUTA 26 km. 388.500,-32.3849116,-54.107563
5/30/2013 22:50:00,TREINTA Y TRES,NACIONAL,ATROPELLO DE ANIMALES,CABALLO,CONDUCTOR,63,M,0,CAMION,RUTA 18 km. 340 esq. CEBOLLATI,-33.2347412,-54.393011
5/31/2013 17:35:00,CANELONES,DEPARTAMENTAL,COLISION ENTRE VEHICULOS,MOTO,CONDUCTOR,56,F,1,OMNIBUS,SANTA LUCIA esq. CORONEL PEIRAN,-34.516667,-56.283333
6/1/2013 6:28:00,MALDONADO,DEPARTAMENTAL,COLISION ENTRE VEHICULOS,MOTO,CONDUCTOR,41,M,0,CAMIONETA,RUTA 39 km 13 (Pr«x. Pte. Arroyo de los Ceibos),0,0
6/1/2013 6:40:00,MONTEVIDEO,DEPARTAMENTAL,COLISION ENTRE VEHICULOS,BICICLETA,CONDUCTOR,30,M,0,OMNIBUS,AVENIDA DON PEDRO DE MENDOZA esq. CAMINO TRABAL,-34.7420633,-56.1423746
6/1/2013 19:50:00,MONTEVIDEO,DEPARTAMENTAL,COLISION ENTRE VEHICULOS,MOTO,CONDUCTOR,46,M,0,CAMIONETA,CAMINO REPETTO esq. DOMINGO MORA,-34.7965442,-56.088215
6/2/2013 1:10:00,LAVALLEJA,NACIONAL,COLISION ENTRE VEHICULOS,MOTO,CONDUCTOR,53,M,0,CAMION,RUTA 12 km. 320.500,-34.3437437,-55.3786602
6/2/2013 6:24:00,MALDONADO,DEPARTAMENTAL,CAIDA,MOTO,CONDUCTOR,22,M,0,,ELIAS DE VICENZI esq. PEDRO ALFONSO,-34.6277617,-54.9611836
6/3/2013 10:10:00,RIVERA,DEPARTAMENTAL,COLISION ENTRE VEHICULOS,MOTO,CONDUCTOR,39,F,0,OMNIBUS,AVENIDA ITALIA esq. ELIAS REGULES,-30.9130885,-55.5630429
6/4/2013 5:45:00,ARTIGAS,DEPARTAMENTAL,DESPISTE,CAMIONETA,CONDUCTOR,28,M,0,,CAMINO DEL YACUI,-30.7734411,-57.7608455
6/6/2013 11:50:00,CANELONES,DEPARTAMENTAL,ATROPELLO DE PEATON,PEATON,PEATON,79,M,1,AUTO,CAMINO CARRASCO esq. SERSALES,-34.516667,-56.283333
6/6/2013 19:45:00,MONTEVIDEO,DEPARTAMENTAL,COLISION ENTRE VEHICULOS,MOTO,CONDUCTOR,24,F,0,CAMION,EMILIO CASTELAR esq. PIRAN,-34.8746631,-56.1223034
6/7/2013 19:00:00,PAYSANDU,NACIONAL,ATROPELLO DE ANIMALES,CABALLO,CONDUCTOR,80,M,0,CAMIONETA,RUTA 90 km. 5500,-32.3588079,-57.9271214
6/8/2013 3:45:00,RIVERA,DEPARTAMENTAL,COLISION CON OBSTACULO,MOTO,PASAJERO,19,F,0,MAQUINARIA,JAPON esq. TOMAS BERRETA,-30.8812199,-55.5528297
6/9/2013 19:30:00,CANELONES,NACIONAL,COLISION ENTRE VEHICULOS,MOTO,CONDUCTOR,19,M,0,CAMION,RUTA 101 km. 23.500,-34.789378,-56.0013672
6/10/2013 19:30:00,SAN JOSE,NACIONAL,COLISION ENTRE VEHICULOS,MOTO,CONDUCTOR,52,M,0,AUTO,RUTA 11 km. 45.800,-34.3449612,-56.7168355
6/10/2013 19:50:00,MALDONADO,NACIONAL,DESPISTE,AUTO,PASAJERO,46,F,0,,RUTA 60 km. 28.000,-34.9119265,-54.9900793
6/10/2013 20:30:00,ARTIGAS,NACIONAL,ATROPELLO DE PEATON,PEATON,PEATON,70,M,1,CAMIONETA,RUTA 30 km. 127,-30.4211287,-56.4708226
6/11/2013 7:28:00,MONTEVIDEO,DEPARTAMENTAL,COLISION ENTRE VEHICULOS,MOTO,CONDUCTOR,37,M,0,CAMION,ARENAL GRANDE esq. BLANDENGUES,-34.8833584,-56.1831484
6/11/2013 16:20:00,TREINTA Y TRES,NACIONAL,COLISION ENTRE VEHICULOS,AUTO,CONDUCTOR,51,M,0,CAMION,RUTA 8 km. 292,-33.2140065,-54.3877412
6/11/2013 18:00:00,SAN JOSE,NACIONAL,COLISION ENTRE VEHICULOS,BICICLETA,CONDUCTOR,56,M,1,CAMIONETA,RUTA 1 km 50,-34.7536068,-56.4131806
6/11/2013 19:30:00,SALTO,NACIONAL,COLISION ENTRE VEHICULOS,MOTO,CONDUCTOR,61,M,0,CAMION,RUTA 3 km. 482,-31.3957169,-57.9065285
6/13/2013 12:25:00,CANELONES,DEPARTAMENTAL,CAIDA,AUTO,CONDUCTOR,51,M,0,,CAMINO ALDABALDE esq. CALLE DIECISIETE METROS,-34.516667,-56.283333
6/14/2013 7:30:00,CANELONES,NACIONAL,COLISION ENTRE VEHICULOS,BICICLETA,CONDUCTOR,70,M,0,CAMIONETA,RUTA 5 km. 42200,-34.4626926,-56.2733674
6/14/2013 15:10:00,SAN JOSE,DEPARTAMENTAL,COLISION CON OBSTACULO,MOTO,CONDUCTOR,26,M,0,,RUTA 1 VIEJA. km 22. PUENTE LA BARRA,-34.7519417,-56.415699
6/15/2013 11:50:00,DURAZNO,NACIONAL,COLISION ENTRE VEHICULOS,AUTO,PASAJERO,75,F,1,CAMION,RUTA 6 km. 203.500,-32.9573202,-55.4177427
6/15/2013 16:00:00,RIO NEGRO,DEPARTAMENTAL,COLISION ENTRE VEHICULOS,MOTO,CONDUCTOR,69,M,1,MOTO,MONTEVIDEO esq. DOCE DE OCTUBRE,-34.9011127,-56.1645314
6/15/2013 18:00:00,CANELONES,NACIONAL,COLISION ENTRE VEHICULOS,MOTO,CONDUCTOR,47,M,1,MOTO,RUTA 34 kM 39.000,-34.7413255,-55.8727282
6/15/2013 19:40:00,SAN JOSE,NACIONAL,COLISION ENTRE VEHICULOS,CAMIONETA,PASAJERO,35,F,0,OMNIBUS,RUTA 11 km. 63500,-34.3449612,-56.7168355
6/15/2013 19:40:00,SAN JOSE,NACIONAL,COLISION ENTRE VEHICULOS,CAMIONETA,CONDUCTOR,41,M,0,OMNIBUS,RUTA 11 km. 63500,-34.3449612,-56.7168355
6/16/2013 5:56:00,SORIANO,DEPARTAMENTAL,COLISION CON OBSTACULO,MOTO,CONDUCTOR,17,M,1,,VICENTE ORCOYEN esq. PERUCHENA,-33.5096817,-57.8042412
6/16/2013 18:50:00,COLONIA,NACIONAL,COLISION ENTRE VEHICULOS,AUTO,CONDUCTOR,48,F,0,CAMIONETA,RUTA 21 km 259.400,-33.9820739,-58.2825502
6/20/2013 21:35:00,MALDONADO,DEPARTAMENTAL,CAIDA,MOTO,CONDUCTOR,19,F,7,,GENERAL APARICIO esq. DOCTOR ELIAS REGULES,-34.6277617,-54.9611836
6/21/2013 6:55:00,MONTEVIDEO,DEPARTAMENTAL,COLISION ENTRE VEHICULOS,MOTO,CONDUCTOR,31,M,13,AUTO,EDUARDO ACEVEDO esq. JOSE ENRIQUE RODO,-34.9033754,-56.172444
6/21/2013 16:00:00,SAN JOSE,DEPARTAMENTAL,COLISION ENTRE VEHICULOS,AUTO,CONDUCTOR,48,M,0,BICICLETA,CAMINO A 900 M DE RUTA 46,-34.3443517,-56.7286901
6/21/2013 18:20:00,CANELONES,DEPARTAMENTAL,COLISION ENTRE VEHICULOS,MOTO,CONDUCTOR,54,M,0,OMNIBUS,GUILLEN E/ TROPAS Y RUTA 6,-34.516667,-56.283333
6/21/2013 22:15:00,MONTEVIDEO,DEPARTAMENTAL,COLISION ENTRE VEHICULOS,MOTO,CONDUCTOR,25,M,0,AUTO,OLIVERAS esq. MARCONI,-34.8360512,-56.1581735
6/22/2013 1:00:00,MONTEVIDEO,DEPARTAMENTAL,COLISION CON OBSTACULO,AUTO,CONDUCTOR,55,M,3,,CAMINO SANFUENTES esq. SIN NOMBRE,-34.8228414,-56.196292
6/23/2013 13:30:00,COLONIA,NACIONAL,COLISION ENTRE VEHICULOS,AUTO,CONDUCTOR,37,M,0,CAMION,RUTA 2 km. 179,-34.3364154,-57.3403931
6/23/2013 13:30:00,COLONIA,NACIONAL,COLISION ENTRE VEHICULOS,AUTO,PASAJERO,33,F,0,CAMION,RUTA 2 km. 179,-34.3364154,-57.3403931
6/23/2013 19:03:00,CERRO LARGO,NACIONAL,COLISION ENTRE VEHICULOS,AUTO,PASAJERO,77,M,0,AUTO,RUTA 26 KM 35,-32.3849116,-54.107563
6/24/2013 17:52:00,CANELONES,NACIONAL,COLISION ENTRE VEHICULOS,MOTO,CONDUCTOR,45,M,0,CAMION,RUTA 8 km. 35.200,-34.6907102,-55.8203886
6/25/2013 17:00:00,SAN JOSE,NACIONAL,COLISION ENTRE VEHICULOS,MOTO,CONDUCTOR,33,M,0,MAQUINARIA,RUTA 1 km. 45,-34.7536068,-56.4131806
6/26/2013 14:05:00,MONTEVIDEO,DEPARTAMENTAL,COLISION ENTRE VEHICULOS,MOTO,CONDUCTOR,40,M,0,CAMION,AVENIDA ITALIA esq. DOCTOR ALEJANDRO GALLINAL,-34.8946214,-56.091632
6/26/2013 18:30:00,MONTEVIDEO,DEPARTAMENTAL,ATROPELLO DE PEATON,PEATON,PEATON,N,M,1,AUTO,AVENIDA DOMINGO SARMIENTO esq. LUIS DE LA TORRE,-34.9181861,-56.1583179
6/27/2013 11:41:00,CANELONES,DEPARTAMENTAL,COLISION ENTRE VEHICULOS,MOTO,CONDUCTOR,72,F,1,CAMION,COSTA RICA esq. ELIAS REGULES,-34.516667,-56.283333
6/28/2013 14:00:00,MONTEVIDEO,NACIONAL,ATROPELLO DE PEATON,PEATON,PEATON,51,F,0,MAQUINARIA,RUTA 8 esq. LOS MIRTOS,-34.7760724,-56.0423064
6/28/2013 17:30:00,MONTEVIDEO,NACIONAL,ATROPELLO DE PEATON,PEATON,PEATON,68,M,0,CAMION,RUTA 5 esq. CAMINO FRANCISCO LECOCQ,-34.8134818,-56.2304655
6/28/2013 21:35:00,MONTEVIDEO,DEPARTAMENTAL,ATROPELLO DE PEATON,PEATON,PEATON,20,M,0,MOTO,CAMINO REPETTO esq. DOMINGO MORA,-34.7965442,-56.088215
6/29/2013 4:00:00,COLONIA,DEPARTAMENTAL,CAIDA,MOTO,CONDUCTOR,33,M,0,,RUTA 1 VIEJA - PTE. ARROYO LA CABALLADA,0,0
6/30/2013 2:15:00,MONTEVIDEO,DEPARTAMENTAL,COLISION ENTRE VEHICULOS,MOTO,CONDUCTOR,31,M,0,CAMION,AVENIDA DE LAS INSTRUCCIONES esq. MALVAVISCO,-34.9011127,-56.1645314
6/30/2013 17:30:00,MONTEVIDEO,DEPARTAMENTAL,COLISION ENTRE VEHICULOS,MOTO,PASAJERO,26,F,0,AUTO,BOULEVARD JOSE BATLLE Y ORDOóEZ esq. AVENIDA BURGUES,-34.8532486,-56.1817284
7/1/2013 11:41:00,CANELONES,DEPARTAMENTAL,ATROPELLO DE PEATON,PEATON,PEATON,76,F,0,CAMIONETA,ROSALIA DE CASTRO esq. FLORENCIO SANCHEZ,-34.523893,-56.2800474
7/2/2013 11:35:00,FLORIDA,NACIONAL,DESPISTE,AUTO,PASAJERO,10,M,1,,RUTA 5 km. 99,-33.7297462,-56.3249493
7/4/2013 8:05:00,CANELONES,NACIONAL,ATROPELLO DE PEATON,PEATON,PEATON,71,F,0,AUTO,RUTA 8 km. 22.500,-34.6907102,-55.8203886
7/4/2013 21:30:00,MONTEVIDEO,DEPARTAMENTAL,ATROPELLO DE PEATON,PEATON,PEATON,73,F,1,AUTO,AVENIDA MILLAN esq. PANTALEON SOTELO,-34.8561704,-56.1991833
7/4/2013 22:40:00,MONTEVIDEO,DEPARTAMENTAL,CAIDA,MOTO,CONDUCTOR,18,M,0,,EMANCIPACION esq. GREGORIO MAS,-34.8520964,-56.2215237
7/5/2013 16:40:00,SALTO,DEPARTAMENTAL,CAIDA,MOTO,PASAJERO,18,M,6,,URUGUAY esq. DOCTOR F. LUCAS GAFFRE,-31.0719891,-57.8463783
7/7/2013 0:01:00,CANELONES,NACIONAL,COLISION ENTRE VEHICULOS,MOTO,PASAJERO,17,M,0,AUTO,RUTA INTERBALNEARIA km. 68500,-34.7900943,-55.92794
7/7/2013 0:01:00,CANELONES,NACIONAL,COLISION ENTRE VEHICULOS,MOTO,CONDUCTOR,26,M,0,AUTO,RUTA INTERBALNEARIA km. 68500,-34.7900943,-55.92794
7/7/2013 21:00:00,MONTEVIDEO,NACIONAL,ATROPELLO DE PEATON,PEATON,PEATON,78,M,0,AUTO,RUTA DE ACCESO esq. CAMAMBU,-34.8711936,-56.2384296
7/8/2013 21:00:00,MONTEVIDEO,DEPARTAMENTAL,COLISION ENTRE VEHICULOS,MOTO,CONDUCTOR,51,M,0,MOTO,CAMINO DEL TROPERO esq. SEBASTIAN REBELLA,-34.8199852,-56.391416
7/8/2013 21:00:00,MONTEVIDEO,DEPARTAMENTAL,COLISION ENTRE VEHICULOS,MOTO,CONDUCTOR,16,M,0,MOTO,CAMINO DEL TROPERO esq. SEBASTIAN REBELLA,-34.8199852,-56.391416
7/9/2013 5:36:00,MONTEVIDEO,NACIONAL,COLISION ENTRE VEHICULOS,MOTO,CONDUCTOR,27,M,1,CAMION,RUTA DE ACCESO esq. HUMBOLDT,-34.8685764,-56.2368332
7/9/2013 5:36:00,MONTEVIDEO,NACIONAL,COLISION ENTRE VEHICULOS,MOTO,PASAJERO,25,F,0,CAMION,RUTA DE ACCESO esq. HUMBOLDT,-34.8685764,-56.2368332
7/10/2013 22:00:00,TREINTA Y TRES,NACIONAL,DESPISTE,CAMIONETA,PASAJERO,17,M,0,,RUTA 8 km 340,-33.2140065,-54.3877412
7/11/2013 6:05:00,MALDONADO,NACIONAL,ATROPELLO DE PEATON,PEATON,PEATON,34,M,0,OMNIBUS,RUTA 9 km. 89500,-34.7336343,-54.9965384
7/11/2013 18:45:00,CERRO LARGO,NACIONAL,COLISION ENTRE VEHICULOS,MOTO,CONDUCTOR,64,M,0,CAMIONETA,RUTA 8 km 432.500,-32.3066971,-54.1636428
7/12/2013 19:30:00,MONTEVIDEO,NACIONAL,ATROPELLO DE PEATON,PEATON,PEATON,55,M,0,MOTO,DIONISIO FERNANDEZ esq. CAMINO MANGANGA,-34.802582,-56.0816958
7/13/2013 19:55:00,CERRO LARGO,NACIONAL,COLISION ENTRE VEHICULOS,MOTO,CONDUCTOR,51,M,1,MOTO,RUTA 7 km. 298,-32.3609596,-54.1549445
7/13/2013 19:55:00,CERRO LARGO,NACIONAL,COLISION ENTRE VEHICULOS,MOTO,CONDUCTOR,47,M,5,MOTO,RUTA 7 km. 299,-32.3609596,-54.1549445
7/14/2013 5:15:00,SALTO,DEPARTAMENTAL,CAIDA,MOTO,CONDUCTOR,18,M,0,,AVENIDA APOLON DE MIRBEK esq. GRITO DE ASENCIO,-31.374732,-57.9629464
7/14/2013 6:05:00,PAYSANDU,DEPARTAMENTAL,COLISION ENTRE VEHICULOS,MOTO,CONDUCTOR,34,M,0,MOTO,ZELMAR MICHELINI esq. AVENIDA BRASIL,-32.3159099,-58.0949482
7/14/2013 7:30:00,ARTIGAS,DEPARTAMENTAL,COLISION ENTRE VEHICULOS,AUTO,CONDUCTOR,27,M,1,AUTO,PUENTE INTERNACIONAL DE LA CONCORDIA a 400 m 18 DE JULIO,0,0
7/17/2013 16:50:00,CANELONES,NACIONAL,CAIDA,MOTO,CONDUCTOR,61,M,0,,RUTA 80 km. 94,-34.5214738,-56.2999351
7/17/2013 18:45:00,ROCHA,NACIONAL,COLISION ENTRE VEHICULOS,AUTO,PASAJERO,50,F,0,CAMION,RUTA 15 km. 16,-34.4878288,-54.319523
7/18/2013 4:00:00,MONTEVIDEO,DEPARTAMENTAL,CAIDA,MOTO,CONDUCTOR,26,M,1,,CAMINO DE LA PAZ A MENDOZA esq. CAMINO CORONEL RAIZ,-34.8283109,-56.2004761
7/18/2013 6:30:00,SALTO,DEPARTAMENTAL,COLISION ENTRE VEHICULOS,MOTO,CONDUCTOR,19,M,0,CAMIONETA,COSTANERA NORTE frente A PARQUE INDIGENA,-31.372696,-57.9773452
7/18/2013 16:35:00,CANELONES,NACIONAL,ATROPELLO DE PEATON,PEATON,PEATON,7,M,0,AUTO,RUTA 101 km. 25.200,-34.789378,-56.0013672
7/20/2013 5:00:00,COLONIA,DEPARTAMENTAL,DESPISTE,AUTO,PASAJERO,30,M,0,,COLON esq. CONRADO TORRES,-34.2678604,-57.6094704
7/20/2013 18:30:00,FLORIDA,NACIONAL,COLISION ENTRE VEHICULOS,MOTO,PASAJERO,39,F,1,CAMIONETA,RUTA 6 km. 183,-33.7763538,-55.8315995
7/21/2013 6:50:00,SAN JOSE,NACIONAL,DESPISTE,CAMIONETA,CONDUCTOR,19,M,1,,RUTA 1 km: 40,-34.7536068,-56.4131806
7/21/2013 6:50:00,SAN JOSE,NACIONAL,DESPISTE,CAMIONETA,PASAJERO,N,F,0,,RUTA 1 km: 40,-34.7536068,-56.4131806
7/21/2013 6:55:00,MALDONADO,DEPARTAMENTAL,COLISION ENTRE VEHICULOS,MOTO,CONDUCTOR,22,M,0,AUTO,CAMINO DE LOS GAUCHOS entre CALLES 5 y 7,-34.6277617,-54.9611836
7/21/2013 19:10:00,RIVERA,DEPARTAMENTAL,ATROPELLO DE PEATON,PEATON,PEATON,61,M,2,MOTO,AVENIDA BERNABE RIVERA esq. CEBALLOS,-30.9040108,-55.5198786
7/22/2013 6:30:00,COLONIA,NACIONAL,COLISION ENTRE VEHICULOS,AUTO,CONDUCTOR,44,M,0,CAMIONETA,RUTA 21 km. 207,-33.9820739,-58.2825502
7/22/2013 6:30:00,COLONIA,NACIONAL,COLISION ENTRE VEHICULOS,AUTO,CONDUCTOR,36,F,0,CAMIONETA,RUTA 21 km. 207,-33.9820739,-58.2825502
7/22/2013 19:52:00,MONTEVIDEO,DEPARTAMENTAL,ATROPELLO DE PEATON,PEATON,PEATON,55,F,0,CAMIONETA,AVENIDA ITALIA esq. GENERAL ANDRES A GOMEZ,-34.9011127,-56.1645314
7/24/2013 17:19:00,MONTEVIDEO,DEPARTAMENTAL,COLISION ENTRE VEHICULOS,MOTO,CONDUCTOR,39,M,1,AUTO,DOMINGO ARAMBURU esq. DOCTOR JOAQUIN REQUENA,-34.9011127,-56.1645314
7/24/2013 23:50:00,MONTEVIDEO,NACIONAL,COLISION ENTRE VEHICULOS,MOTO,CONDUCTOR,52,M,0,AUTO,RUTA 8 esq. RUTA 102,-34.793125,-56.0730363
7/25/2013 15:34:00,SORIANO,NACIONAL,DESPISTE,AUTO,CONDUCTOR,59,M,0,,RUTA 2 km. 276700,-33.5641819,-57.736151
7/26/2013 12:15:00,PAYSANDU,DEPARTAMENTAL,ATROPELLO DE PEATON,PEATON,PEATON,88,M,0,CAMION,JUNCAL esq. GENERAL LEANDRO GOMEZ,-32.3194148,-58.0710398
7/27/2013 17:30:00,FLORIDA,DEPARTAMENTAL,CAIDA,BICICLETA,CONDUCTOR,74,M,8,,JOSE PEDRO VARELA esq. CAMINO FERRARI,-34.1,-56.216667
7/28/2013 0:50:00,CANELONES,DEPARTAMENTAL,COLISION ENTRE VEHICULOS,MOTO,CONDUCTOR,19,M,0,MOTO,RUTA 8 (VIEJA) KM 33,-34.6907102,-55.8203886
7/28/2013 7:30:00,FLORIDA,NACIONAL,CAIDA,MOTO,PASAJERO,38,F,8,,RUTA 7 km. 96,-33.7705423,-55.965288
7/28/2013 15:35:00,MALDONADO,DEPARTAMENTAL,ATROPELLO DE PEATON,PEATON,PEATON,85,F,1,AUTO,AVENIDA ANTONIO LUSSICH senda (FRENTE A EX POLICLINICA). esq. COLIBRIES,-34.8989386,-54.9647133
7/28/2013 20:15:00,MONTEVIDEO,DEPARTAMENTAL,CAIDA,MOTO,CONDUCTOR,42,F,0,,CAMINO MANUEL MARIA FLORES esq. CAMINO ANAYA,-34.8223534,-56.312479
7/29/2013 11:50:00,CANELONES,NACIONAL,ATROPELLO DE PEATON,PEATON,PEATON,76,M,0,AUTO,RUTA INTERBALNEARIA km. 50.1,-34.7900943,-55.92794
7/30/2013 11:40:00,MONTEVIDEO,DEPARTAMENTAL,COLISION ENTRE VEHICULOS,MOTO,CONDUCTOR,26,M,1,CAMION,HIPOLITO YRIGOYEN esq. DOCTOR CARLOS SALVAGNO,-34.9011127,-56.1645314
7/30/2013 16:40:00,COLONIA,NACIONAL,CAIDA,MOTO,CONDUCTOR,61,M,0,,RUTA 51 km. 122,-34.2726457,-57.8253638
7/31/2013 5:00:00,SALTO,NACIONAL,COLISION ENTRE VEHICULOS,CAMION,CONDUCTOR,54,M,0,CAMION,RUTA 3 km. 477.5 Pte. sobre Ršo Daymn,0,0
7/31/2013 5:00:00,SALTO,NACIONAL,COLISION ENTRE VEHICULOS,CAMION,CONDUCTOR,61,M,0,CAMION,RUTA 3 km. 477.5 Pte. sobre Ršo Daymn,0,0
7/31/2013 10:05:00,COLONIA,DEPARTAMENTAL,COLISION ENTRE VEHICULOS,MOTO,CONDUCTOR,80,M,1,MOTO,SAN JOSE esq. CINCUENTENARIO,37.3393857,-121.8949555
7/31/2013 14:43:00,MALDONADO,DEPARTAMENTAL,COLISION ENTRE VEHICULOS,MOTO,CONDUCTOR,58,F,0,MOTO,DIECIOCHO DE JULIO esq. AVENIDA JUAN ANTONIO LAVALLEJA,-34.9019343,-54.9577969
7/31/2013 17:25:00,MONTEVIDEO,DEPARTAMENTAL,ATROPELLO DE PEATON,PEATON,PEATON,85,F,3,AUTO,AVENIDA MILLAN esq. LAS VIOLETAS,-34.8423729,-56.2049962
7/31/2013 18:35:00,MONTEVIDEO,DEPARTAMENTAL,ATROPELLO DE PEATON,PEATON,PEATON,68,F,4,MOTO,VEINTIUNO DE SETIEMBRE esq. INGENIERO LUIS FRANZINI,-34.9144823,-56.1587566
7/31/2013 22:22:00,SORIANO,NACIONAL,ATROPELLO DE PEATON,PEATON,PEATON,20,F,0,CAMION,RUTA 2 km. 279.5,-33.5641819,-57.736151
8/1/2013 15:40:00,MALDONADO,DEPARTAMENTAL,COLISION ENTRE VEHICULOS,MOTO,CONDUCTOR,37,M,1,CAMION,BOULEVARD GENERAL JOSE G. ARTIGAS entre AV. DEL MAR Y LOUVRE,-34.6277617,-54.9611836
8/2/2013 6:55:00,TACUAREMBO,DEPARTAMENTAL,COLISION CON OBSTACULO,MOTO,CONDUCTOR,39,M,0,,GENERAL MANUEL ORIBE esq. C. CATALOGNE,-31.7210366,-55.9825867
8/2/2013 14:02:00,SALTO,NACIONAL,CAIDA,MOTO,CONDUCTOR,19,M,0,,RAMAL entre RUTA 31 y RUTA 4. km 81.100,0,0
8/2/2013 19:01:00,MALDONADO,DEPARTAMENTAL,COLISION ENTRE VEHICULOS,AUTO,CONDUCTOR,59,M,0,AUTO,RUTA 39 km. 14.5,-34.9119265,-54.9900793
8/2/2013 19:50:00,CANELONES,NACIONAL,ATROPELLO DE PEATON,PEATON,PEATON,54,F,1,AUTO,RUTA 8 km. 27,-34.6907102,-55.8203886
8/4/2013 7:52:00,CANELONES,NACIONAL,COLISION CON OBSTACULO,MOTO,CONDUCTOR,25,M,0,,RUTA 65 km. 84.500,-34.5214738,-56.2999351
8/5/2013 13:40:00,RIVERA,DEPARTAMENTAL,CAIDA,MOTO,CONDUCTOR,44,M,1,,CAMINO A CURTICEIRAS,-30.9284708,-55.5790711
8/6/2013 23:30:00,MONTEVIDEO,DEPARTAMENTAL,COLISION CON OBSTACULO,MOTO,CONDUCTOR,22,M,0,,CALDERON DE LA BARCA esq. MARGARITA --COLON--,-34.8025245,-56.2248102
8/7/2013 7:55:00,SAN JOSE,NACIONAL,DESPISTE,AUTO,CONDUCTOR,57,M,0,,RUTA 1 km. 50,-34.7536068,-56.4131806
8/10/2013 9:30:00,TACUAREMBO,NACIONAL,DESPISTE,OMNIBUS,PASAJERO,40,F,0,,RUTA 5 km. 317.1,-31.7063755,-56.0057081
8/10/2013 9:30:00,TACUAREMBO,NACIONAL,DESPISTE,OMNIBUS,PASAJERO,73,F,0,,RUTA 5 km. 317.1,-31.7063755,-56.0057081
8/10/2013 9:30:00,TACUAREMBO,NACIONAL,DESPISTE,OMNIBUS,PASAJERO,1,F,0,,RUTA 5 km. 317.1,-31.7063755,-56.0057081
8/11/2013 12:05:00,MONTEVIDEO,DEPARTAMENTAL,ATROPELLO DE PEATON,PEATON,PEATON,54,F,0,MOTO,AVENIDA DOCTOR CARLOS NERY esq. JAEN,-34.8406932,-56.1277068
8/11/2013 20:23:00,CANELONES,NACIONAL,ATROPELLO DE PEATON,PEATON,PEATON,78,M,1,AUTO,RUTA INTERBALNEARIA km. 68,-34.7900943,-55.92794
8/12/2013 0:30:00,RIO NEGRO,DEPARTAMENTAL,DESPISTE,CAMIONETA,PASAJERO,2,M,0,,CAMINO DE LA CUCHILLA DE NAVARRO,-32.6666667,-56.9166667
8/12/2013 9:30:00,MONTEVIDEO,DEPARTAMENTAL,ATROPELLO DE PEATON,PEATON,PEATON,87,M,1,OMNIBUS,CAMINO CORRALES esq. AVENIDA DAMASO ANTONIO LARRAóAGA,-34.8597908,-56.1511116
8/12/2013 13:45:00,MONTEVIDEO,DEPARTAMENTAL,COLISION ENTRE VEHICULOS,MOTO,CONDUCTOR,18,M,0,CAMION,PANTALEON ARTIGAS esq. ELBA,-34.8493726,-56.1844009
8/12/2013 21:55:00,ROCHA,NACIONAL,DESPISTE,AUTO,CONDUCTOR,52,M,0,,RUTA 9 km. 289,-34.4878288,-54.319523
8/12/2013 21:55:00,ROCHA,NACIONAL,DESPISTE,AUTO,PASAJERO,68,F,0,,RUTA 9 km. 289,-34.4878288,-54.319523
8/13/2013 8:40:00,CANELONES,DEPARTAMENTAL,ATROPELLO DE PEATON,PEATON,PEATON,54,M,0,CAMIONETA,CAMINO DE LOS HORNEROS,-34.8067536,-55.9798618
8/13/2013 10:20:00,DURAZNO,DEPARTAMENTAL,COLISION ENTRE VEHICULOS,MOTO,CONDUCTOR,71,M,1,CAMION,CUATRO DE OCTUBRE DE 1828 esq. JOAQUIN SUAREZ,-33.3885932,-56.5193452
8/13/2013 13:30:00,MONTEVIDEO,NACIONAL,COLISION ENTRE VEHICULOS,MOTO,CONDUCTOR,20,M,0,CAMION,RUTA 5 esq. CAMINO DE LAS TROPAS --CERRO NORTE - LA PALOMA--,-34.860278,-56.268333
8/13/2013 14:35:00,CANELONES,DEPARTAMENTAL,COLISION ENTRE VEHICULOS,MOTO,CONDUCTOR,25,F,0,CAMION,AVENIDA DEL PARQUE,-34.8569942,-56.0016871
8/13/2013 19:40:00,PAYSANDU,DEPARTAMENTAL,COLISION ENTRE VEHICULOS,MOTO,CONDUCTOR,19,M,0,CAMION,LIBERTAD esq. RIO NEGRO,-32.3228133,-58.0917025
8/13/2013 22:22:00,CANELONES,DEPARTAMENTAL,COLISION ENTRE VEHICULOS,MOTO,CONDUCTOR,21,M,1,AUTO,AVENIDA INGENIERO LUIS GIANNATTASIO esq. CRUZ DEL SUR,-34.516667,-56.283333
8/14/2013 6:25:00,MALDONADO,DEPARTAMENTAL,ATROPELLO DE PEATON,PEATON,PEATON,38,M,2,CAMIONETA,RUTA 37 km. 8,-34.9119265,-54.9900793
8/16/2013 10:22:00,MONTEVIDEO,DEPARTAMENTAL,ATROPELLO DE PEATON,PEATON,PEATON,79,M,0,AUTO,AVENIDA OCHO DE OCTUBRE esq. COLONIA,-34.9011127,-56.1645314
8/17/2013 7:55:00,MONTEVIDEO,DEPARTAMENTAL,COLISION ENTRE VEHICULOS,MOTO,CONDUCTOR,60,M,0,AUTO,CAMINO LUIS EDUARDO PEREZ esq. CAMINO DE LA GRANJA,-34.8301809,-56.2564647
8/18/2013 7:40:00,MONTEVIDEO,DEPARTAMENTAL,COLISION ENTRE VEHICULOS,MOTO,CONDUCTOR,24,M,0,CAMIONETA,AVENIDA DE LAS INSTRUCCIONES esq. BOULEVARD APARICIO SARAVIA,-34.8237883,-56.2062838
8/18/2013 8:30:00,CANELONES,DEPARTAMENTAL,DESPISTE,AUTO,CONDUCTOR,36,M,0,,GENERAL ARTIGAS esq. LOS MIMBRES,-34.516667,-56.283333
8/18/2013 13:30:00,CANELONES,NACIONAL,COLISION ENTRE VEHICULOS,MOTO,CONDUCTOR,49,F,1,AUTO,RUTA 5 Km 21.500,-34.4626926,-56.2733674
8/19/2013 16:55:00,TACUAREMBO,DEPARTAMENTAL,ATROPELLO DE PEATON,PEATON,PEATON,70,F,2,CAMIONETA,DOCTOR CATALINA esq. DOCTOR IVO FERREIRA,-31.7139492,-55.9854317
8/20/2013 19:30:00,CANELONES,NACIONAL,COLISION ENTRE VEHICULOS,MOTO,CONDUCTOR,18,F,1,CAMIONETA,RUTA 5 km. 32,-34.4626926,-56.2733674
8/20/2013 22:55:00,RIVERA,DEPARTAMENTAL,COLISION ENTRE VEHICULOS,MOTO,CONDUCTOR,18,M,1,CAMIONETA,AVENIDA BRASIL senda SUROESTE. esq. JOAQUIN SUAREZ,-30.9024777,-55.5392014
8/21/2013 15:55:00,MALDONADO,NACIONAL,DESPISTE,AUTO,CONDUCTOR,72,M,4,,RUTA 93 km. 110.500,-34.9119265,-54.9900793
8/21/2013 16:50:00,TREINTA Y TRES,NACIONAL,COLISION ENTRE VEHICULOS,MOTO,CONDUCTOR,27,M,0,CAMION,RUTA 8 km 272.500,-33.2140065,-54.3877412
8/22/2013 19:00:00,SAN JOSE,NACIONAL,ATROPELLO DE PEATON,PEATON,PEATON,24,M,0,CAMIONETA,RUTA 1 km 55.500,-34.7536068,-56.4131806
8/24/2013 13:00:00,MONTEVIDEO,NACIONAL,DESPISTE,AUTO,PASAJERO,71,F,0,,RUTA 5 esq. CAMINO LUIS EDUARDO PEREZ,-34.8114203,-56.285768
8/25/2013 8:00:00,ROCHA,DEPARTAMENTAL,COLISION CON OBSTACULO,AUTO,PASAJERO,25,M,5,,SAMUEL PRILIAC esq. RIO CEBOLLATI,-33.266667,-53.8
8/26/2013 0:05:00,FLORIDA,NACIONAL,COLISION ENTRE VEHICULOS,AUTO,PASAJERO,26,M,1,OMNIBUS,RUTA 5 km. 98.8,-33.7297462,-56.3249493
8/26/2013 0:05:00,FLORIDA,NACIONAL,COLISION ENTRE VEHICULOS,AUTO,CONDUCTOR,22,M,16,OMNIBUS,RUTA 5 km. 98.8,-33.7297462,-56.3249493
8/28/2013 19:40:00,CANELONES,DEPARTAMENTAL,ATROPELLO DE PEATON,PEATON,PEATON,57,M,1,MOTO,REPUBLICA esq. ASENCIO,-34.516667,-56.283333
8/31/2013 16:03:00,MONTEVIDEO,DEPARTAMENTAL,ATROPELLO DE PEATON,PEATON,PEATON,86,M,1,CAMIONETA,RAMBLA REPUBLICA DE CHILE esq. ENRIQUE ARRASCAETA,-34.9011127,-56.1645314
9/1/2013 17:50:00,TREINTA Y TRES,DEPARTAMENTAL,COLISION ENTRE VEHICULOS,BICICLETA,CONDUCTOR,66,M,0,MOTO,RINCON esq. SIMON DEL PINO,-33.2319108,-54.3845276
9/1/2013 19:00:00,MALDONADO,DEPARTAMENTAL,COLISION ENTRE VEHICULOS,MOTO,CONDUCTOR,21,M,9,MOTO,CAMINO EL PANTANAL a 600 m de RUTA 39,-34.6277617,-54.9611836
9/1/2013 23:00:00,MALDONADO,DEPARTAMENTAL,COLISION ENTRE VEHICULOS,MOTO,CONDUCTOR,26,M,0,CAMIONETA,BENITO NARDONE esq. CORCEGA,-34.8810267,-54.9838982
9/2/2013 16:00:00,MONTEVIDEO,DEPARTAMENTAL,COLISION ENTRE VEHICULOS,MOTO,CONDUCTOR,65,M,1,OMNIBUS,FLAMMARION esq. PEDRO COSIO,-34.8774978,-56.1033512
9/3/2013 16:20:00,TREINTA Y TRES,DEPARTAMENTAL,COLISION ENTRE VEHICULOS,CAMIONETA,CONDUCTOR,69,M,8,CAMION,ROTONDA MARCELO BARRETO esq. DE TROPAS,-33.2378807,-54.3969383
9/3/2013 17:40:00,CERRO LARGO,DEPARTAMENTAL,COLISION ENTRE VEHICULOS,MOTO,CONDUCTOR,73,M,0,CAMIONETA,RUTA 26 esq. NARCISO GARC?A,0,0
9/4/2013 19:00:00,ROCHA,NACIONAL,CAIDA,MOTO,CONDUCTOR,72,M,1,,RUTA 15 km. 159,-34.4878288,-54.319523
9/6/2013 6:30:00,CANELONES,NACIONAL,DESPISTE,MOTO,CONDUCTOR,42,M,0,,RUTA 8 km. 39,-34.6907102,-55.8203886
9/6/2013 19:45:00,MALDONADO,NACIONAL,COLISION ENTRE VEHICULOS,MOTO,CONDUCTOR,55,F,2,AUTO,RUTA 10 esq. CALLE 5,-34.8982475,-54.9711601
9/6/2013 22:55:00,MONTEVIDEO,DEPARTAMENTAL,COLISION ENTRE VEHICULOS,MOTO,CONDUCTOR,18,M,0,CAMION,FILIPINAS esq. AVENIDA DOCTOR CARLOS MARIA RAMIREZ,-34.9165716,-56.1698616
9/8/2013 19:00:00,FLORIDA,NACIONAL,COLISION ENTRE VEHICULOS,MOTO,PASAJERO,52,F,0,CAMION,RUTA 6 km. 110,-33.7763538,-55.8315995
9/9/2013 19:45:00,COLONIA,DEPARTAMENTAL,COLISION ENTRE VEHICULOS,MOTO,CONDUCTOR,29,M,0,MOTO,JOSE BATLLE Y ORDOóEZ esq. AUSTRIA,-34.3024483,-57.2345695
9/10/2013 17:58:00,FLORES,NACIONAL,COLISION ENTRE VEHICULOS,CAMIONETA,PASAJERO,20,M,0,CAMION,Ruta 14 Km. 158,-33.882031,-57.0635891
9/10/2013 17:58:00,FLORES,NACIONAL,COLISION ENTRE VEHICULOS,CAMIONETA,PASAJERO,15,M,0,CAMION,Ruta 14 Km. 158,-33.882031,-57.0635891
9/11/2013 15:10:00,SAN JOSE,NACIONAL,ATROPELLO DE PEATON,PEATON,PEATON,11,F,1,AUTO,Ruta 1 km 47,-34.7536068,-56.4131806
9/12/2013 20:00:00,CANELONES,DEPARTAMENTAL,COLISION ENTRE VEHICULOS,MOTO,CONDUCTOR,49,M,1,AUTO,DOCTOR POUEY esq. JUAN ORTIZ,-34.516667,-56.283333
9/13/2013 6:50:00,CANELONES,NACIONAL,COLISION ENTRE VEHICULOS,MOTO,CONDUCTOR,64,M,0,CAMION,RUTA INTERBALNEARIA Km. 25.800,-34.7900943,-55.92794
9/14/2013 10:10:00,MONTEVIDEO,DEPARTAMENTAL,ATROPELLO DE PEATON,PEATON,PEATON,45,M,1,OMNIBUS,AVENIDA OCHO DE OCTUBRE esq. AVENIDA DIECIOCHO DE JULIO,-34.9011127,-56.1645314
9/14/2013 11:20:00,RIO NEGRO,DEPARTAMENTAL,COLISION ENTRE VEHICULOS,AUTO,CONDUCTOR,72,M,3,AUTO,RUTA PUENTE PUERTO esq. CAMINO AL RIO URUGUAY,-33.1157684,-58.3003082
9/15/2013 8:42:00,MONTEVIDEO,DEPARTAMENTAL,DESPISTE,AUTO,CONDUCTOR,59,M,0,,RAMBLA O HIGGINS esq. GRITO DE GLORIA,-34.8906634,-56.087034
9/15/2013 20:24:00,SORIANO,NACIONAL,COLISION ENTRE VEHICULOS,AUTO,CONDUCTOR,36,F,0,AUTO,RUTA 2 km. 261,-33.5641819,-57.736151
9/15/2013 20:24:00,SORIANO,NACIONAL,COLISION ENTRE VEHICULOS,AUTO,PASAJERO,29,F,0,AUTO,RUTA 2 km. 261,-33.5641819,-57.736151
9/15/2013 20:24:00,SORIANO,NACIONAL,COLISION ENTRE VEHICULOS,AUTO,PASAJERO,4,F,1,AUTO,RUTA 2 km. 261,-33.5641819,-57.736151
9/15/2013 20:24:00,SORIANO,NACIONAL,COLISION ENTRE VEHICULOS,AUTO,PASAJERO,29,M,0,AUTO,RUTA 2 km. 261,-33.5641819,-57.736151
9/16/2013 0:00:00,LAVALLEJA,DEPARTAMENTAL,ATROPELLO DE PEATON,PEATON,PEATON,31,M,0,AUTO,DOMINGO PEREZ esq. JOSE ELLAURI,-34.0040354,-54.9611836
9/16/2013 21:10:00,TACUAREMBO,NACIONAL,DESPISTE,AUTO,CONDUCTOR,51,M,0,,RUTA 5 km. 334.3,-31.7063755,-56.0057081
9/17/2013 19:55:00,TACUAREMBO,NACIONAL,COLISION ENTRE VEHICULOS,MOTO,CONDUCTOR,37,M,1,MOTO,RUTA 26 km. 347,-31.7361869,-55.9926063
9/18/2013 10:35:00,SAN JOSE,DEPARTAMENTAL,COLISION ENTRE VEHICULOS,MOTO,CONDUCTOR,N,M,1,MOTO,BOREAL esq. GOLET,-34.7672806,-56.3685303
9/18/2013 13:20:00,MONTEVIDEO,DEPARTAMENTAL,COLISION ENTRE VEHICULOS,CAMION,CONDUCTOR,63,M,0,AUTO,AVENIDA ALFONSINA STORNI esq. MARIA EUGENIA VAZ FERREIRA,-34.8856494,-56.2618683
9/18/2013 16:06:00,CANELONES,DEPARTAMENTAL,COLISION CON OBSTACULO,MOTO,CONDUCTOR,60,F,5,AUTO,AVENIDA RACINE esq. AVENIDA DE LAS AMERICAS,-34.516667,-56.283333
9/19/2013 20:30:00,MONTEVIDEO,DEPARTAMENTAL,COLISION CON OBSTACULO,MOTO,CONDUCTOR,32,M,1,,JOSE MARIA BUYO esq. FRANCISCA GONZALEZ BARROSO,-34.8168019,-56.1332792
9/20/2013 16:20:00,MONTEVIDEO,DEPARTAMENTAL,COLISION ENTRE VEHICULOS,MOTO,CONDUCTOR,78,M,1,AUTO,VILARDEBO esq. ARROYO GRANDE,-34.8752527,-56.1895135
9/20/2013 21:55:00,CANELONES,DEPARTAMENTAL,CAIDA,MOTO,CONDUCTOR,71,M,1,,PAYSANDU esq. WILSON FERREIRA,-34.516667,-56.283333
9/22/2013 1:55:00,FLORIDA,DEPARTAMENTAL,ATROPELLO DE PEATON,PEATON,PEATON,55,M,1,MOTO,RAMAL RUTA 5 km. 98,-34.1,-56.216667
9/22/2013 10:25:00,MONTEVIDEO,NACIONAL,ATROPELLO DE PEATON,PEATON,PEATON,48,F,1,CAMION,RUTA DE ACCESO esq. AVENIDA DOCTOR SANTIN CARLOS ROSSI,-34.9011127,-56.1645314
9/23/2013 16:44:00,MONTEVIDEO,DEPARTAMENTAL,ATROPELLO DE PEATON,PEATON,PEATON,81,M,4,AUTO,GRECIA esq. BERNA,-34.8775733,-56.2561115
9/24/2013 12:45:00,SAN JOSE,DEPARTAMENTAL,COLISION ENTRE VEHICULOS,MOTO,CONDUCTOR,24,F,1,CAMION,CONSTITUCION esq. 25 DE AGOSTO,-34.411111,-56.405833
9/25/2013 14:10:00,MONTEVIDEO,DEPARTAMENTAL,ATROPELLO DE PEATON,PEATON,PEATON,88,F,1,OMNIBUS,COLONIA esq. EDUARDO ACEVEDO,-34.9072884,-56.1743876
9/27/2013 17:50:00,MONTEVIDEO,DEPARTAMENTAL,COLISION ENTRE VEHICULOS,MOTO,CONDUCTOR,62,M,0,MOTO,LOS NOGALES esq. LAS ALELIES,-34.9011127,-56.1645314
9/28/2013 1:55:00,MONTEVIDEO,DEPARTAMENTAL,COLISION ENTRE VEHICULOS,MOTO,CONDUCTOR,25,M,0,OMNIBUS,AVENIDA GENERAL EUGENIO GARZON esq. CAMINO CARMELO COLMAN,-34.7999123,-56.2191268
9/28/2013 18:15:00,CANELONES,DEPARTAMENTAL,CAIDA,AUTO,PASAJERO,10,M,0,,ANDRES LECUNA esq. RUTA 11,-34.5214738,-56.2999351
9/30/2013 1:29:00,MALDONADO,DEPARTAMENTAL,COLISION CON OBSTACULO,MOTO,CONDUCTOR,58,M,0,CAMION ESTAC.,AV. CAMINO DE LOS GAUCHOS esq. CARACARA,-34.6277617,-54.9611836
9/30/2013 22:18:00,MONTEVIDEO,DEPARTAMENTAL,ATROPELLO DE PEATON,PEATON,PEATON,53,M,0,OMNIBUS,RIO NEGRO esq. SAN JOSE,-34.9011127,-56.1645314
10/1/2013 22:00:00,RIVERA,DEPARTAMENTAL,COLISION ENTRE VEHICULOS,MOTO,PASAJERO,28,F,0,AUTO,GENERAL JUAN ANTONIO LAVALLEJA esq. DANIEL FERNANDEZ CRESPO,-30.9067402,-55.5371895
10/2/2013 6:45:00,MONTEVIDEO,DEPARTAMENTAL,COLISION ENTRE VEHICULOS,MOTO,CONDUCTOR,31,M,1,CAMIONETA,DOCTOR CARLOS MARIA DE PENA esq. OBERA,-34.8449959,-56.2256864
10/2/2013 12:29:00,MONTEVIDEO,DEPARTAMENTAL,COLISION ENTRE VEHICULOS,MOTO,CONDUCTOR,31,F,0,OMNIBUS,AVENIDA JOSE BELLONI esq. HELVECIA,-34.8248366,-56.1368625
10/2/2013 20:00:00,CANELONES,DEPARTAMENTAL,ATROPELLO DE PEATON,PEATON,PEATON,53,F,0,CAMIONETA,MAR DE AJO esq. AVENIDA SECCO GARCIA,-34.516667,-56.283333
10/2/2013 21:10:00,DURAZNO,NACIONAL,DESPISTE,AUTO,PASAJERO,51,F,1,,RUTA 6 km. 212,-32.9650178,-55.4416746
10/3/2013 14:45:00,RIVERA,NACIONAL,COLISION ENTRE VEHICULOS,MOTO,CONDUCTOR,62,M,0,OMNIBUS,RUTA 30 km. 235,-31.1696457,-55.8398259
10/3/2013 16:55:00,CANELONES,NACIONAL,COLISION ENTRE VEHICULOS,MOTO,CONDUCTOR,25,M,1,CAMIONETA,RUTA 11 km. 100,-34.5214738,-56.2999351
10/4/2013 9:50:00,SALTO,DEPARTAMENTAL,DESPISTE,AUTO,PASAJERO,59,M,0,,CAMINO VECINAL A 1 km DE RUTA 31 KM 160,-31.3405495,-57.8273888
10/5/2013 19:30:00,CANELONES,DEPARTAMENTAL,COLISION ENTRE VEHICULOS,MOTO,CONDUCTOR,19,M,1,MOTO,CONTINUACION 17 METROS Y 5,-34.516667,-56.283333
10/5/2013 20:20:00,CANELONES,NACIONAL,COLISION ENTRE VEHICULOS,MOTO,CONDUCTOR,62,M,0,AUTO,RUTA 11 km. 142.700,-34.5214738,-56.2999351
10/6/2013 6:24:00,CERRO LARGO,DEPARTAMENTAL,CAIDA,MOTO,CONDUCTOR,29,M,1,,GENERAL JUSTINO MUNIZ esq. MANUEL A. LESTIDO,-32.3647804,-54.1690788
10/6/2013 20:06:00,MONTEVIDEO,DEPARTAMENTAL,COLISION ENTRE VEHICULOS,MOTO,CONDUCTOR,40,M,0,AUTO,AVENIDA BOLIVIA esq. DOCTOR ELIAS REGULES,-34.8327263,-56.2143223
10/8/2013 1:41:00,MONTEVIDEO,DEPARTAMENTAL,COLISION ENTRE VEHICULOS,MOTO,CONDUCTOR,20,M,0,AUTO,VERONA esq. AGRIGENTO,-34.8748214,-56.0868778
10/8/2013 10:44:00,MALDONADO,DEPARTAMENTAL,COLISION ENTRE VEHICULOS,MOTO,CONDUCTOR,45,F,9,CAMION,AVENIDA ANTONIO LUSSICH esq. FIRENSE,-34.6277617,-54.9611836
10/10/2013 2:20:00,FLORIDA,DEPARTAMENTAL,COLISION CON OBSTACULO,MOTO,CONDUCTOR,42,M,0,CAMION ESTAC.,GENERAL JOSE G. ARTIGAS esq. TIMOTEO APARICIO,-34.1015481,-56.2294033
10/10/2013 19:07:00,MONTEVIDEO,DEPARTAMENTAL,ATROPELLO DE PEATON,MOTO,CONDUCTOR,18,M,0,PEATON,VERDUN esq. CAMINO CIBILS,-34.8627476,-56.268929
10/11/2013 6:00:00,PAYSANDU,NACIONAL,DESPISTE,AUTO,CONDUCTOR,47,M,0,,RUTA 3 km. 390,-32.3030185,-58.0430716
10/11/2013 21:00:00,CANELONES,NACIONAL,COLISION ENTRE VEHICULOS,MOTO,CONDUCTOR,71,M,0,CAMIONETA,RUTA 7 km. 71.500,-34.5214738,-56.2999351
10/13/2013 6:20:00,CANELONES,NACIONAL,DESPISTE,MOTO,CONDUCTOR,56,M,0,,RUTA 35 km. 59.500,-34.7174582,-55.6905268
10/16/2013 21:58:00,MONTEVIDEO,DEPARTAMENTAL,ATROPELLO DE PEATON,PEATON,PEATON,40,M,1,AUTO,AVENIDA JOSE PEDRO VARELA esq. CAMINO CORRALES,-34.8613907,-56.1408341
10/16/2013 22:00:00,SAN JOSE,NACIONAL,COLISION ENTRE VEHICULOS,AUTO,CONDUCTOR,49,M,0,CAMION,RUTA 1 km. 38,-34.7536068,-56.4131806
10/19/2013 16:30:00,MALDONADO,NACIONAL,COLISION CON OBSTACULO,MOTO,CONDUCTOR,61,M,0,,RUTA 9 km. 125.500,-34.7336343,-54.9965384
10/19/2013 18:00:00,MONTEVIDEO,DEPARTAMENTAL,CAIDA,MOTO,CONDUCTOR,54,M,1,,CAMINO DON BOSCO esq. PASAJE B --VILLA GARCIA NORTE--,-34.9011127,-56.1645314
10/20/2013 1:15:00,MALDONADO,DEPARTAMENTAL,COLISION ENTRE VEHICULOS,MOTO,PASAJERO,18,F,1,AUTO,PEDRO ZUFRIATEGUI esq. CALLE 4,-34.8979558,-54.9705544
10/20/2013 3:05:00,MONTEVIDEO,NACIONAL,COLISION CON OBSTACULO,MOTO,CONDUCTOR,38,M,0,,RUTA 5 esq. CAMINO DE LAS TROPAS --CERRO NORTE - LA PALOMA--,-34.860278,-56.268333
10/20/2013 13:50:00,MONTEVIDEO,DEPARTAMENTAL,COLISION ENTRE VEHICULOS,AUTO,CONDUCTOR,75,M,1,CAMIONETA,GUAYABO esq. MINAS,-34.9027992,-56.1810337
10/20/2013 18:10:00,CANELONES,NACIONAL,COLISION ENTRE VEHICULOS,MOTO,PASAJERO,11,F,0,AUTO,RUTA 9 km. 66,-34.6946229,-55.5316155
10/21/2013 18:30:00,SORIANO,DEPARTAMENTAL,COLISION ENTRE VEHICULOS,MOTO,PASAJERO,47,F,18,MOTO,HECTOR SAAVEDRA esq. SORIANO,-33.410309,-58.33144
10/22/2013 10:50:00,MALDONADO,DEPARTAMENTAL,COLISION ENTRE VEHICULOS,MOTO,CONDUCTOR,43,M,0,AUTO,GENERAL APARICIO SARAVIA esq. BOTICELLI,-34.6277617,-54.9611836
10/22/2013 11:00:00,MALDONADO,DEPARTAMENTAL,COLISION ENTRE VEHICULOS,MOTO,CONDUCTOR,20,M,1,AUTO,AVENIDA ESPAóA esq. AVENIDA JOAQUIN DE VIANA (EX ARTIGAS),-34.911541,-54.9643211
10/22/2013 21:30:00,ROCHA,DEPARTAMENTAL,ATROPELLO DE PEATON,PEATON,PEATON,27,M,0,MOTO,CALLE DE ACCESO BARRIO PEREIRA,0,0
10/24/2013 0:40:00,MONTEVIDEO,DEPARTAMENTAL,COLISION ENTRE VEHICULOS,MOTO,CONDUCTOR,18,M,0,AUTO,AVENIDA JOSE BELLONI esq. CAMINO GENERAL LEANDRO GOMEZ,-34.9011127,-56.1645314
10/24/2013 22:00:00,MONTEVIDEO,DEPARTAMENTAL,COLISION CON OBSTACULO,MOTO,CONDUCTOR,32,M,6,CAMION ESTAC.,CAMINO EDISON esq. LUCRECIO,-34.8222349,-56.2128923
10/25/2013 19:30:00,LAVALLEJA,DEPARTAMENTAL,CAIDA,MOTO,CONDUCTOR,48,M,2,,CAMINO VECINAL DE PARAJE SAUCE,-34.0040354,-54.9611836
10/26/2013 3:10:00,CANELONES,DEPARTAMENTAL,DESPISTE,MOTO,PASAJERO,17,M,0,,CAMINO EL GALLO esq. EUDORO MELLO,-34.516667,-56.283333
10/26/2013 5:00:00,MONTEVIDEO,DEPARTAMENTAL,COLISION ENTRE VEHICULOS,MOTO,PASAJERO,27,F,2,AUTO,HUM esq. FRANCISCO DE LEMOS,-34.9011127,-56.1645314
10/26/2013 11:20:00,MONTEVIDEO,DEPARTAMENTAL,COLISION ENTRE VEHICULOS,MOTO,CONDUCTOR,20,M,1,OMNIBUS,CAMINO CARRASCO esq. CAMINO PAVIA,-34.8653679,-56.0869502
10/26/2013 22:30:00,COLONIA,DEPARTAMENTAL,COLISION ENTRE VEHICULOS,MOTO,CONDUCTOR,27,M,1,BICICLETA,OCHO DE OCTUBRE esq. CALERA DE LAS HUERFANAS,-33.8798599,-57.3675804
10/27/2013 2:15:00,LAVALLEJA,NACIONAL,COLISION ENTRE VEHICULOS,MOTO,CONDUCTOR,24,M,0,CAMIONETA,RUTA 39 km. 101,-34.1274059,-54.8272973
10/27/2013 15:20:00,ARTIGAS,NACIONAL,DESPISTE,AUTO,PASAJERO,1,M,0,,RUTA 30 km. 167,-30.4211287,-56.4708226
10/27/2013 23:30:00,CANELONES,NACIONAL,DESPISTE,AUTO,PASAJERO,25,F,1,,RUTA 11 km. 158,-34.5214738,-56.2999351
10/28/2013 14:00:00,MALDONADO,NACIONAL,COLISION ENTRE VEHICULOS,AUTO,CONDUCTOR,81,M,0,CAMION,RUTA 9 esq. RUTA 104,-34.6277617,-54.9611836
10/28/2013 14:00:00,MALDONADO,NACIONAL,COLISION ENTRE VEHICULOS,AUTO,PASAJERO,78,F,0,CAMION,RUTA 9 esq. RUTA 104,-34.6277617,-54.9611836
10/28/2013 16:40:00,MONTEVIDEO,DEPARTAMENTAL,ATROPELLO DE PEATON,PEATON,PEATON,73,F,2,OMNIBUS,GUADALUPE esq. AVENIDA GENERAL GARIBALDI,-34.8782213,-56.1748634
10/28/2013 19:30:00,CERRO LARGO,NACIONAL,COLISION ENTRE VEHICULOS,MOTO,CONDUCTOR,41,M,0,CAMION,RUTA 26 esq. RUTA 7,-32.8386612,-54.7619209
10/29/2013 7:45:00,MALDONADO,DEPARTAMENTAL,COLISION ENTRE VEHICULOS,MOTO,CONDUCTOR,18,M,0,CAMION,INDIO MIGUEL esq. FRATERNIDAD,-34.6277617,-54.9611836
10/29/2013 14:30:00,MONTEVIDEO,DEPARTAMENTAL,COLISION ENTRE VEHICULOS,MOTO,CONDUCTOR,23,M,0,CAMION,POLONIA esq. SUECIA,-34.8830521,-56.2561807
10/29/2013 22:20:00,CANELONES,DEPARTAMENTAL,COLISION ENTRE VEHICULOS,MOTO,CONDUCTOR,44,M,1,OMNIBUS,DOCTOR POUEY esq. TALCA,-34.7167326,-56.224484
11/1/2013 7:15:00,PAYSANDU,NACIONAL,DESPISTE,AUTO,PASAJERO,30,M,0,,RUTA 90 km. 81.100,-32.3588079,-57.9271214
11/2/2013 21:30:00,CANELONES,DEPARTAMENTAL,CAIDA,MOTO,CONDUCTOR,59,M,0,,MIGUEL FURRIOL esq. GENERAL ARTIGAS,-34.5256455,-56.2801743
11/3/2013 2:55:00,MONTEVIDEO,DEPARTAMENTAL,CAIDA,MOTO,CONDUCTOR,39,M,0,,RAMBLA DOCTOR BALTASAR BRUM esq. INGENIERO JUAN ALBERTO CAPURRO,-34.869722,-56.211389
11/3/2013 9:40:00,MALDONADO,DEPARTAMENTAL,DESPISTE,AUTO,CONDUCTOR,29,M,0,,CAMINO LOS FLAMENCOS,-34.8797974,-54.9876227
11/4/2013 15:00:00,MALDONADO,DEPARTAMENTAL,DESPISTE,AUTO,PASAJERO,28,M,0,,BENITO NARDONE esq. AREQUITA,-34.6277617,-54.9611836
11/4/2013 23:15:00,MONTEVIDEO,DEPARTAMENTAL,ATROPELLO DE PEATON,PEATON,PEATON,36,F,1,AUTO,COIMBRA esq. AVENIDA GENERAL JOSE MARIA PAZ,-34.9011127,-56.1645314
11/8/2013 1:00:00,CANELONES,DEPARTAMENTAL,ATROPELLO DE PEATON,MOTO,PEATON,61,M,0,MOTO,ELIAS REGULES esq. COSTA RICA,-34.516667,-56.283333
11/8/2013 13:15:00,PAYSANDU,DEPARTAMENTAL,COLISION ENTRE VEHICULOS,MOTO,CONDUCTOR,19,M,12,AUTO,AVENIDA SORIANO esq. DOCTOR JOSE VEROCAY,-32.3271599,-58.0739098
11/8/2013 17:25:00,LAVALLEJA,NACIONAL,COLISION ENTRE VEHICULOS,OMNIBUS,PASAJERO,61,F,1,CAMION,RUTA 8 km. 162,-34.3779782,-55.2527051
11/8/2013 17:25:00,LAVALLEJA,NACIONAL,COLISION ENTRE VEHICULOS,OMNIBUS,PASAJERO,71,F,2,CAMION,RUTA 8 km. 162,-34.3779782,-55.2527051
11/9/2013 7:00:00,RIO NEGRO,DEPARTAMENTAL,COLISION CON OBSTACULO,MOTO,CONDUCTOR,19,M,1,,DIECIOCHO DE JULIO esq. SIN NOMBRE,0,0
11/9/2013 17:20:00,CANELONES,DEPARTAMENTAL,COLISION ENTRE VEHICULOS,MOTO,CONDUCTOR,80,M,18,MOTO,ZABALA esq. BULEVAR ARTIGAS,-34.516667,-56.283333
11/9/2013 18:00:00,MONTEVIDEO,DEPARTAMENTAL,ATROPELLO DE PEATON,PEATON,PEATON,86,M,3,CAMIONETA,VEINTIUNO DE SETIEMBRE esq. FRANCISCO VIDAL,-34.919248,-56.1500288
11/9/2013 19:00:00,CANELONES,DEPARTAMENTAL,COLISION ENTRE VEHICULOS,MOTO,CONDUCTOR,47,M,0,BICICLETA,AVENIDA DE LAS AMERICAS esq. AVENIDA A LA PLAYA,-34.516667,-56.283333
11/9/2013 19:00:00,CANELONES,DEPARTAMENTAL,COLISION ENTRE VEHICULOS,BICICLETA,CONDUCTOR,52,M,0,MOTO,AVENIDA DE LAS AMERICAS esq. AVENIDA A LA PLAYA,-34.516667,-56.283333
11/9/2013 20:30:00,MONTEVIDEO,DEPARTAMENTAL,COLISION ENTRE VEHICULOS,MOTO,CONDUCTOR,16,M,0,MOTO,CAMINO PASO DE LA ESPAóOLA esq. ARGOS,-34.8004112,-56.1229897
11/9/2013 20:30:00,MONTEVIDEO,DEPARTAMENTAL,COLISION ENTRE VEHICULOS,MOTO,CONDUCTOR,18,M,0,MOTO,CAMINO PASO DE LA ESPAóOLA esq. ARGOS,-34.8004112,-56.1229897
11/10/2013 3:20:00,MALDONADO,DEPARTAMENTAL,CAIDA,MOTO,CONDUCTOR,21,M,3,,PASAJE LAS ROSAS casi El Basurero,-34.6277617,-54.9611836
11/10/2013 5:35:00,COLONIA,NACIONAL,COLISION ENTRE VEHICULOS,MOTO,CONDUCTOR,31,M,0,MOTO,RUTA 52 Km 122.100,-34.3363509,-57.2593591
11/10/2013 5:35:00,COLONIA,NACIONAL,COLISION ENTRE VEHICULOS,MOTO,CONDUCTOR,27,M,0,MOTO,RUTA 52 Km 122.100,-34.3363509,-57.2593591
11/13/2013 21:20:00,CANELONES,NACIONAL,COLISION ENTRE VEHICULOS,CAMIONETA,CONDUCTOR,60,M,0,OMNIBUS,RUTA 6 KM 21.600,-34.24469,-55.9254634
11/14/2013 19:00:00,CANELONES,DEPARTAMENTAL,ATROPELLO DE PEATON,PEATON,PEATON,86,M,1,MOTO,DOCTOR POUEY esq. DOCTOR BARRIOS AMORIN,-34.516667,-56.283333
11/14/2013 21:10:00,ROCHA,DEPARTAMENTAL,ATROPELLO DE ANIMALES,MOTO,CONDUCTOR,76,M,5,,SAMUEL PRILIAC esq. ARROYO SAN MIGUEL,-33.6953087,-53.4580803
11/15/2013 16:20:00,CANELONES,DEPARTAMENTAL,ATROPELLO DE PEATON,PEATON,PEATON,11,F,1,AUTO,CESAR MAYO GUTIERREZ esq. BOULEVARD BOLIVAR,-34.2231035,-55.7314458
11/15/2013 16:30:00,DURAZNO,DEPARTAMENTAL,COLISION ENTRE VEHICULOS,MOTO,CONDUCTOR,16,M,1,BICICLETA,JOSE BATLLE Y ORDOóEZ esq. DOCTOR RAUL SANTINI PELUFFO,-33.3877792,-56.507309
11/16/2013 4:23:00,COLONIA,DEPARTAMENTAL,CAIDA,MOTO,CONDUCTOR,20,M,1,,DIECINUEVE DE ABRIL esq. DEFENSA,-34.002861,-58.2848091
11/17/2013 3:00:00,CERRO LARGO,NACIONAL,DESPISTE,CAMIONETA,CONDUCTOR,25,M,0,,RUTA 18 km. 4,-32.6553827,-53.6220145
11/18/2013 10:15:00,MALDONADO,DEPARTAMENTAL,ATROPELLO DE PEATON,PEATON,PEATON,60,F,0,CAMION,CAMINO VECINAL,-34.72844,-54.8347324
11/19/2013 12:30:00,FLORES,NACIONAL,COLISION ENTRE VEHICULOS,MOTO,CONDUCTOR,57,F,1,CAMION,RUTA 3 km. 186,-33.5094512,-56.9495362
11/21/2013 20:00:00,CANELONES,NACIONAL,COLISION ENTRE VEHICULOS,AUTO,PASAJERO,60,F,11,AUTO,RUTA 8 km. 60,-34.6907102,-55.8203886
11/23/2013 0:45:00,RIVERA,DEPARTAMENTAL,COLISION ENTRE VEHICULOS,MOTO,CONDUCTOR,17,M,1,MOTO,GUIDO MACHADO BRUM esq. TORRES DE MEDEIROS,-30.9302482,-55.5480097
11/23/2013 17:22:00,MONTEVIDEO,DEPARTAMENTAL,COLISION ENTRE VEHICULOS,MOTO,CONDUCTOR,N,M,3,AUTO,DOCTOR CARLOS MARIA DE PENA esq. FRAY GENEROSO PEREZ,-34.8473124,-56.2193995
11/24/2013 2:15:00,CANELONES,DEPARTAMENTAL,ATROPELLO DE PEATON,PEATON,PEATON,74,M,0,AUTO,RUTA 8 VIEJA km. 59700,-34.6907102,-55.8203886
11/24/2013 5:30:00,CANELONES,DEPARTAMENTAL,COLISION CON OBSTACULO,MOTO,CONDUCTOR,27,M,0,,AVENIDA INGENIERO LUIS GIANNATTASIO esq. AV. A LA PLAYA,-34.516667,-56.283333
11/24/2013 7:15:00,TACUAREMBO,DEPARTAMENTAL,COLISION ENTRE VEHICULOS,CAMIONETA,CONDUCTOR,48,M,4,MOTO,GENERAL MANUEL ORIBE esq. VEINTICINCO DE AGOSTO,-31.7101803,-55.9871216
11/24/2013 9:30:00,PAYSANDU,DEPARTAMENTAL,ATROPELLO DE ANIMALES,MOTO,PASAJERO,77,F,6,,BOULEVARD GENERAL JOSE G. ARTIGAS esq. DAMASO ANTONIO LARRAóAGA,-32.3744507,-57.6101913
11/26/2013 19:00:00,CANELONES,DEPARTAMENTAL,COLISION ENTRE VEHICULOS,MOTO,CONDUCTOR,18,M,0,CAMIONETA,AVENIDA BOLIVIA esq. CON. A SANTOS LUGARES,-34.516667,-56.283333
11/26/2013 20:10:00,COLONIA,NACIONAL,COLISION CON OBSTACULO,AUTO,PASAJERO,N,M,0,,RUTA 50 Km. 13,-34.2726457,-57.8253638
11/26/2013 20:10:00,COLONIA,NACIONAL,COLISION CON OBSTACULO,AUTO,PASAJERO,74,F,0,,RUTA 50 Km. 13,-34.2726457,-57.8253638
11/26/2013 20:10:00,COLONIA,NACIONAL,COLISION CON OBSTACULO,AUTO,PASAJERO,84,F,0,,RUTA 50 Km. 13,-34.2726457,-57.8253638
11/28/2013 16:50:00,RIO NEGRO,DEPARTAMENTAL,DESPISTE,TRACTOR,CONDUCTOR,18,M,0,,Acceso Sur. Km. 9.500,-33.1121788,-58.3013191
11/28/2013 17:00:00,ARTIGAS,NACIONAL,DESPISTE,AUTO,CONDUCTOR,41,M,0,,RUTA 30 km. 151,-30.4211287,-56.4708226
11/29/2013 17:00:00,MALDONADO,NACIONAL,DESPISTE,AUTO,PASAJERO,69,M,1,,RUTA 93 km. 116 - ROTONDA CLUB DEL LAGO,-34.6277617,-54.9611836
11/29/2013 17:25:00,MONTEVIDEO,DEPARTAMENTAL,ATROPELLO DE PEATON,PEATON,PEATON,78,F,1,CAMIONETA,BOULEVARD GENERAL ARTIGAS esq. AVELINO MIRANDA,-34.8935488,-56.1634304
11/30/2013 4:00:00,MONTEVIDEO,DEPARTAMENTAL,DESPISTE,MOTO,PASAJERO,16,F,14,,CAMINO MALDONADO esq. CAMINO CHACARITA DE LOS PADRES,-34.836752,-56.1027734
11/30/2013 16:30:00,PAYSANDU,NACIONAL,COLISION ENTRE VEHICULOS,MOTO,PASAJERO,37,F,0,,RUTA 3 km. 464,-32.3030185,-58.0430716
11/30/2013 16:30:00,PAYSANDU,NACIONAL,COLISION ENTRE VEHICULOS,MOTO,CONDUCTOR,60,M,1,,RUTA 3 km. 464,-32.3030185,-58.0430716
12/1/2013 4:15:00,MONTEVIDEO,DEPARTAMENTAL,CAIDA,MOTO,CONDUCTOR,19,M,0,,CAMINO FRANCISCO LECOCQ esq. BOULEVARD JOSE BATLLE Y ORDOóEZ,-34.8141403,-56.2313004
12/1/2013 21:50:00,COLONIA,NACIONAL,COLISION ENTRE VEHICULOS,MOTO,PASAJERO,N,M,0,CAMION,RUTA 21 km. 259,-33.9820739,-58.2825502
12/2/2013 3:00:00,CERRO LARGO,NACIONAL,DESPISTE,CAMIONETA,PASAJERO,5,M,0,,RUTA 44 Km. 38.800,-32.3609596,-54.1549445
12/2/2013 15:55:00,MONTEVIDEO,DEPARTAMENTAL,COLISION ENTRE VEHICULOS,MOTO,CONDUCTOR,29,M,0,CUADRICICLO,GRECIA esq. AUSTRIA,-34.8843401,-56.2708547
12/2/2013 18:20:00,MONTEVIDEO,DEPARTAMENTAL,COLISION ENTRE VEHICULOS,OMNIBUS,CONDUCTOR,23,F,0,CAMION,BOULEVARD APARICIO SARAVIA esq. JACINTO TRAPANI,-34.8339332,-56.1615853
12/4/2013 6:10:00,MONTEVIDEO,DEPARTAMENTAL,COLISION ENTRE VEHICULOS,MOTO,CONDUCTOR,21,M,0,CAMIONETA,AVENIDA OCHO DE OCTUBRE esq. ALFEREZ REAL,-34.8632859,-56.1301034
12/6/2013 21:30:00,MONTEVIDEO,NACIONAL,COLISION ENTRE VEHICULOS,MOTO,PASAJERO,27,F,1,CAMIONETA,RUTA 1 esq. CAMINO DE LA CAPILLA,-34.8486435,-56.3023984
12/7/2013 12:32:00,FLORIDA,DEPARTAMENTAL,COLISION ENTRE VEHICULOS,MOTO,CONDUCTOR,24,M,1,AUTO,FIGUEREDO esq. LUIS EDUARDO PEREZ,-34.1041047,-56.2100558
12/7/2013 17:20:00,CANELONES,NACIONAL,COLISION ENTRE VEHICULOS,MOTO,PASAJERO,46,M,1,CAMIONETA,RUTA 87 km. 47 - Arroyo Tropa Vieja,-34.516667,-56.283333
12/8/2013 8:20:00,PAYSANDU,NACIONAL,COLISION ENTRE VEHICULOS,AUTO,CONDUCTOR,51,M,0,CAMION,RUTA 3 km. 359.500,-32.3030185,-58.0430716
12/9/2013 11:00:00,MONTEVIDEO,DEPARTAMENTAL,ATROPELLO DE PEATON,PEATON,PEATON,86,M,2,CAMIONETA,GENERAL AGUILAR esq. MELO,-34.8826458,-56.1882669
12/9/2013 14:00:00,CANELONES,DEPARTAMENTAL,COLISION ENTRE VEHICULOS,MOTO,CONDUCTOR,16,M,1,CAMIONETA,CAMINO CARMELO COLMAN esq. DIECIOCHO DE JULIO,-34.516667,-56.283333
12/11/2013 13:40:00,MONTEVIDEO,DEPARTAMENTAL,COLISION ENTRE VEHICULOS,MOTO,CONDUCTOR,18,M,0,OMNIBUS,BERNA esq. POLONIA,-34.8856954,-56.2555824
12/11/2013 19:50:00,CANELONES,DEPARTAMENTAL,COLISION ENTRE VEHICULOS,MOTO,CONDUCTOR,21,M,1,AUTO,DOCTOR POUEY esq. DOCTOR FRANCISCO SOCA,-34.6841414,-55.7036706
12/12/2013 17:40:00,MONTEVIDEO,DEPARTAMENTAL,COLISION ENTRE VEHICULOS,MOTO,CONDUCTOR,17,M,0,OMNIBUS,RIO DE JANEIRO esq. INGLATERRA,-34.8931375,-56.249725
12/12/2013 19:30:00,CANELONES,NACIONAL,CAIDA,MOTO,CONDUCTOR,35,M,0,PEATON,RUTA 107 Km.20,-34.5588807,-56.1913897
12/12/2013 20:20:00,FLORIDA,NACIONAL,COLISION ENTRE VEHICULOS,MOTO,CONDUCTOR,56,M,1,AUTO,RUTA 5 km. 94,-33.7297462,-56.3249493
12/13/2013 1:40:00,MONTEVIDEO,DEPARTAMENTAL,COLISION ENTRE VEHICULOS,AUTO,CONDUCTOR,42,M,1,OMNIBUS,GALICIA esq. YI,-34.9011127,-56.1645314
12/13/2013 19:30:00,CERRO LARGO,DEPARTAMENTAL,ATROPELLO DE PEATON,PEATON,PEATON,51,M,2,MOTO,CONTINUACION HIGUERAS esq. CONCORDIA,-33.9036903,-58.4080887
12/14/2013 7:00:00,SORIANO,DEPARTAMENTAL,COLISION CON OBSTACULO,MOTO,CONDUCTOR,21,M,0,,AVENIDA ASENCIO esq. CRISTOBAL COLON,-33.2569398,-58.0287025
12/15/2013 4:30:00,CERRO LARGO,NACIONAL,COLISION ENTRE VEHICULOS,MOTO,CONDUCTOR,68,M,0,CAMIONETA,RUTA 8 km. 402,-32.3066971,-54.1636428
12/17/2013 9:30:00,CERRO LARGO,DEPARTAMENTAL,COLISION ENTRE VEHICULOS,BICICLETA,CONDUCTOR,72,M,10,CAMIONETA,JOAQUIN ANTONIO GUNDIN esq. DIEZ DE JUNIO,-32.5900917,-53.3787918
12/17/2013 18:00:00,CANELONES,DEPARTAMENTAL,COLISION ENTRE VEHICULOS,MOTO,CONDUCTOR,50,M,0,CAMIONETA,GENERAL ARTIGAS esq. CARLOS ROXLO,-34.516667,-56.283333
12/17/2013 20:05:00,MONTEVIDEO,DEPARTAMENTAL,ATROPELLO DE PEATON,PEATON,PEATON,61,M,1,OMNIBUS,AVENIDA DOCTOR CARLOS MARIA RAMIREZ esq. MANUEL HERRERA Y OBES,-34.9011127,-56.1645314
12/20/2013 14:50:00,CANELONES,NACIONAL,COLISION ENTRE VEHICULOS,MOTO,CONDUCTOR,25,F,0,AUTO,RUTA 36 km. 29700,-34.5214738,-56.2999351
12/20/2013 19:00:00,MONTEVIDEO,DEPARTAMENTAL,ATROPELLO DE PEATON,PEATON,PEATON,61,F,3,AUTO,AVENIDA DON PEDRO DE MENDOZA esq. CAMINO CAPITAN CORALIO LACOSTA,-34.8125399,-56.1480866
12/21/2013 13:40:00,CANELONES,NACIONAL,COLISION ENTRE VEHICULOS,CAMIONETA,PASAJERO,9,F,1,AUTO,RUTA 6 km. 41,-34.6729484,-56.0557894
12/22/2013 17:15:00,SAN JOSE,DEPARTAMENTAL,CAIDA,MOTO,CONDUCTOR,35,M,19,,CAMINO DE LA COSTA km. 12,-34.3632412,-56.7002426
12/23/2013 16:45:00,CANELONES,NACIONAL,VUELCO,AUTO,CONDUCTOR,38,M,1,,RUTA 12 Km 82,-34.5214738,-56.2999351
12/23/2013 17:00:00,CANELONES,NACIONAL,COLISION ENTRE VEHICULOS,MOTO,CONDUCTOR,44,M,0,CAMION,RUTA 12 Km 79.700,-34.5214738,-56.2999351
12/24/2013 17:15:00,MONTEVIDEO,DEPARTAMENTAL,ATROPELLO DE PEATON,PEATON,PEATON,44,F,6,MOTO,GRECIA esq. AVENIDA DOCTOR CARLOS MARIA RAMIREZ,-34.9165716,-56.1698616
12/25/2013 1:55:00,SAN JOSE,DEPARTAMENTAL,COLISION ENTRE VEHICULOS,MOTO,CONDUCTOR,20,M,0,AUTO,RUTA 1 vieja km. 29.100,-34.7536068,-56.4131806
12/25/2013 14:00:00,CANELONES,DEPARTAMENTAL,CAIDA,MOTO,CONDUCTOR,30,F,5,,CAMINO TOMAS BERRETA a 2 km. de Ruta 84,-34.516667,-56.283333
12/26/2013 10:50:00,DURAZNO,NACIONAL,COLISION ENTRE VEHICULOS,MOTO,CONDUCTOR,26,F,5,AUTO,RUTA 5 km. 178,-32.9807436,-56.650692
12/27/2013 8:35:00,LAVALLEJA,DEPARTAMENTAL,COLISION ENTRE VEHICULOS,AUTO,PASAJERO,2,F,1,CAMIONETA,JOSE ENRIQUE RODO esq. CORONEL B. SILVEIRA,-34.0040354,-54.9611836
12/28/2013 20:20:00,COLONIA,NACIONAL,COLISION ENTRE VEHICULOS,MOTO,CONDUCTOR,82,M,0,CAMIONETA,RUTA 22 km. 39.500,-34.2675416,-57.6070254
12/29/2013 14:50:00,LAVALLEJA,NACIONAL,DESPISTE,CAMIONETA,PASAJERO,53,M,0,,RUTA 8 km. 215.200,-34.3779782,-55.2527051
12/30/2013 0:00:00,CANELONES,NACIONAL,DESPISTE,MOTO,CONDUCTOR,39,M,0,,RUTA 8 km. 28.700,-34.6907102,-55.8203886
12/31/2013 8:50:00,ARTIGAS,NACIONAL,DESPISTE,AUTO,PASAJERO,61,F,0,,RUTA 30 km. 164.800,-30.4211287,-56.4708226
12/31/2013 19:30:00,ROCHA,NACIONAL,COLISION ENTRE VEHICULOS,CAMIONETA,PASAJERO,36,M,1,AUTO,RUTA 9 km. 321,-34.4878288,-54.319523
12/31/2013 21:11:00,RIVERA,DEPARTAMENTAL,CAIDA,CAMION,PASAJERO,17,M,0,,DOCTOR RAUL PARODI esq. LALO MENDOZA,-30.9380873,-55.5520742
